"section","official_title","source_url","source_hash","affected_ids","named_candidates","legal_questions","technical_blockers","decision","exact_subdivisions","reviewer_note"
"1315.55","Additional prohibited activities","https://codes.ohio.gov/ohio-revised-code/section-1315.55","1222baefa4edbb4dd421b6894e37a2303581719ac7c28b795ba7864a49c14853","oh-money-laundering","","Resolve oh-money-laundering: retain a distinct supported scope, correct the citation, split, map to a source-first record, hold, or remove. A shared section or a similar name is not proof of equivalence.
Confirm the proposed charge's precise conduct scope, applicable exceptions, grading and incorporated definitions against the supplied full text before publication.
Determine which additional textual references affect this charge's claims: 1315.53. These are leads, not automatically required dependencies; record include/exclude decisions in the reference ledger.","","","",""
"1533.08","Scientific, educational or rehabilitation collection permits","https://codes.ohio.gov/ohio-revised-code/section-1533.08","79d06d3c1b18e1e52f415f729c0e4a9e5c23389abfcde71002fa0d42f97a1ae9","oh-hunting-fishing-no-license","","Resolve oh-hunting-fishing-no-license: retain a distinct supported scope, correct the citation, split, map to a source-first record, hold, or remove. A shared section or a similar name is not proof of equivalence.
Confirm the proposed charge's precise conduct scope, applicable exceptions, grading and incorporated definitions against the supplied full text before publication.
Determine which additional textual references affect this charge's claims: 1533.15. These are leads, not automatically required dependencies; record include/exclude decisions in the reference ledger.","","","",""
"1533.12","Hunting, fishing or trapping without a license or permit","https://codes.ohio.gov/ohio-revised-code/section-1533.12","52ff7d9f444849a50cb685a58343af62ef8c8245c17d492dfd4ad77ed0ed8bb6","oh-hunting-fishing-no-license","","Resolve oh-hunting-fishing-no-license: retain a distinct supported scope, correct the citation, split, map to a source-first record, hold, or remove. A shared section or a similar name is not proof of equivalence.
Confirm the proposed charge's precise conduct scope, applicable exceptions, grading and incorporated definitions against the supplied full text before publication.
Determine which additional textual references affect this charge's claims: 1533.11, 1531.10, 4503.41, 1533.32, 1531.08. These are leads, not automatically required dependencies; record include/exclude decisions in the reference ledger.","Selected reference 955.021 needs source acquisition","","",""
"2.06","","","","oh-aiding-and-abetting","","","Primary official text unavailable","","",""
"2.07","","","","oh-accessory-after-the-fact","","","Primary official text unavailable","","",""
"2151.022","Unruly child defined","https://codes.ohio.gov/ohio-revised-code/section-2151.022","fd6a3f20dc7f9490ba0d72495b66afd8a5a0821e64b462d2f3bcf5d420218387","oh-curfew-violation","","Resolve oh-curfew-violation: retain a distinct supported scope, correct the citation, split, map to a source-first record, hold, or remove. A shared section or a similar name is not proof of equivalence.
Confirm the proposed charge's precise conduct scope, applicable exceptions, grading and incorporated definitions against the supplied full text before publication.
Determine which additional textual references affect this charge's claims: 2907.39, 2923.211, 2925.55, 2151.87, 1.52. These are leads, not automatically required dependencies; record include/exclude decisions in the reference ledger.","","","",""
"2152.02","Delinquent children - juvenile traffic offender definitions","https://codes.ohio.gov/ohio-revised-code/section-2152.02","04f134d9e384af38ef39949041be468edb2b28f812f5b8e991c61d1b0862bb8f","oh-juvenile-delinquency-felony; oh-juvenile-delinquency-misdemeanor","","Resolve oh-juvenile-delinquency-felony, oh-juvenile-delinquency-misdemeanor: retain a distinct supported scope, correct the citation, split, map to a source-first record, hold, or remove. A shared section or a similar name is not proof of equivalence.
Confirm the proposed charge's precise conduct scope, applicable exceptions, grading and incorporated definitions against the supplied full text before publication.
Determine which additional textual references affect this charge's claims: 2152.26, 2919.27, 2151.34, 3113.31, 2151.87, 2907.39, 2923.211, 2925.55, 2152.16, 2152.17, 2152.19, 2152.20, 2152.03, 2903.01, 2903.02, 2923.02, 2903.03, 2905.01, 2907.02, 2909.02, 2911.01, 2911.11, 2903.04, 2907.12. These are leads, not automatically required dependencies; record include/exclude decisions in the reference ledger.","Selected reference 5122.01 needs source acquisition
Selected reference 5123.01 needs source acquisition
Selected reference 5139.01 needs source acquisition","","",""
"2152.12","Transfer of cases","https://codes.ohio.gov/ohio-revised-code/section-2152.12","9ca23c5963993e93bd7abc2f5e8f9dc64f6705f239035e012895ce7d158dca01","oh-juvenile-transfer-adult-court","","Resolve oh-juvenile-transfer-adult-court: retain a distinct supported scope, correct the citation, split, map to a source-first record, hold, or remove. A shared section or a similar name is not proof of equivalence.
Confirm the proposed charge's precise conduct scope, applicable exceptions, grading and incorporated definitions against the supplied full text before publication.
Determine which additional textual references affect this charge's claims: 2152.10, 2152.02, 2923.12, 2152.022, 2151.23. These are leads, not automatically required dependencies; record include/exclude decisions in the reference ledger.","","","",""
"2705.02","Acts in contempt of court","https://codes.ohio.gov/ohio-revised-code/section-2705.02","85cf00114ba2d2ea4faaebba39902f29904650b89e50aaa97aa66ae16d525180","oh-contempt-of-court","","Resolve oh-contempt-of-court: retain a distinct supported scope, correct the citation, split, map to a source-first record, hold, or remove. A shared section or a similar name is not proof of equivalence.
Confirm the proposed charge's precise conduct scope, applicable exceptions, grading and incorporated definitions against the supplied full text before publication.
Determine which additional textual references affect this charge's claims: 3109.19, 3111.81, 5101.37, 3111.41. These are leads, not automatically required dependencies; record include/exclude decisions in the reference ledger.","","","",""
"2903.01","Aggravated murder","https://codes.ohio.gov/ohio-revised-code/section-2903.01","98a8094c5635e8b7619106d4f1fc6a0d7774afee7cd9ea9dffe506d5bf8d38eb","oh-murder-in-the-first-degree; oh-orc-2903-01-aggravated-murder","aggravated murder","Resolve oh-murder-in-the-first-degree: retain a distinct supported scope, correct the citation, split, map to a source-first record, hold, or remove. A shared section or a similar name is not proof of equivalence.
Confirm the proposed charge's precise conduct scope, applicable exceptions, grading and incorporated definitions against the supplied full text before publication.","","","",""
"2903.02","Murder","https://codes.ohio.gov/ohio-revised-code/section-2903.02","7d59b3044eafc9f0ce7a7621fdd1cece55e244ab9a2780daa6189ff17eb36f2b","oh-murder-in-the-second-degree; oh-felony-murder; oh-orc-2903-02-murder","murder","Resolve oh-murder-in-the-second-degree, oh-felony-murder: retain a distinct supported scope, correct the citation, split, map to a source-first record, hold, or remove. A shared section or a similar name is not proof of equivalence.
Confirm the proposed charge's precise conduct scope, applicable exceptions, grading and incorporated definitions against the supplied full text before publication.
Determine which additional textual references affect this charge's claims: 2903.03, 2903.04. These are leads, not automatically required dependencies; record include/exclude decisions in the reference ledger.","","","",""
"2903.03","Voluntary manslaughter","https://codes.ohio.gov/ohio-revised-code/section-2903.03","e36bd07ee457ba2c40cccce0e4c1751513f486861120e3a2473ee9c196304c8c","oh-voluntary-manslaughter; oh-orc-2903-03-voluntary-manslaughter","voluntary manslaughter","Confirm the proposed charge's precise conduct scope, applicable exceptions, grading and incorporated definitions against the supplied full text before publication.","","","",""
"2903.04","Involuntary manslaughter","https://codes.ohio.gov/ohio-revised-code/section-2903.04","e063106ce2eae8f58ae685c39eff5779324855759962b7cae49019a78f7c00b8","oh-involuntary-manslaughter; oh-orc-2903-04-involuntary-manslaughter","involuntary manslaughter","Confirm the proposed charge's precise conduct scope, applicable exceptions, grading and incorporated definitions against the supplied full text before publication.
Determine which additional textual references affect this charge's claims: 4511.19, 4510.02. These are leads, not automatically required dependencies; record include/exclude decisions in the reference ledger.","","","",""
"2903.05","Negligent homicide","https://codes.ohio.gov/ohio-revised-code/section-2903.05","6941264ad0ab8c204d39b5016731f1aa1c704888a29ea704911dc0d5b8117b8f","oh-criminally-negligent-homicide; oh-orc-2903-05-negligent-homicide","negligent homicide","Resolve oh-criminally-negligent-homicide: retain a distinct supported scope, correct the citation, split, map to a source-first record, hold, or remove. A shared section or a similar name is not proof of equivalence.
Confirm the proposed charge's precise conduct scope, applicable exceptions, grading and incorporated definitions against the supplied full text before publication.","","","",""
"2903.06","Aggravated vehicular homicide - vehicular homicide - vehicular manslaughter","https://codes.ohio.gov/ohio-revised-code/section-2903.06","3bcd8830c6a1af4f7231a8d719805a027174d94ae9100bb2b90653efda8e0db1","oh-vehicular-homicide; ohio-section-2903.06","aggravated vehicular homicide; vehicular homicide; vehicular manslaughter","Confirm each quoted statutory offense's conduct subdivisions and applicable grading branches. Do not turn sentencing enhancements into separate offenses.
Determine which additional textual references affect this charge's claims: 4510.02, 4510.54, 2929.18, 2903.08, 2903.081, 2903.04, 2903.07, 4511.20, 4511.21, 2903.01, 2903.02, 2903.11, 2923.02, 4511.19, 1547.11, 4561.15. These are leads, not automatically required dependencies; record include/exclude decisions in the reference ledger.","Selected reference 5501.27 needs source acquisition","","",""
"2903.08","Aggravated vehicular assault; vehicular assault","https://codes.ohio.gov/ohio-revised-code/section-2903.08","2ad96ed8c8e8b3270c920ea0afd4ca363634219e6d4c6ce813cda952517f49fa","oh-reckless-driving-criminal; ohio-section-2903.08","aggravated vehicular assault; vehicular assault","Resolve oh-reckless-driving-criminal: retain a distinct supported scope, correct the citation, split, map to a source-first record, hold, or remove. A shared section or a similar name is not proof of equivalence.
Confirm each quoted statutory offense's conduct subdivisions and applicable grading branches. Do not turn sentencing enhancements into separate offenses.
Determine which additional textual references affect this charge's claims: 4511.19, 1547.11, 4561.15, 4510.02, 4549.02, 4549.021, 4549.03, 2929.24, 2903.081. These are leads, not automatically required dependencies; record include/exclude decisions in the reference ledger.","Selected reference 5501.27 needs source acquisition","","",""
"2903.11","Felonious assault","https://codes.ohio.gov/ohio-revised-code/section-2903.11","33bf447290ec7aa5faedc29abdb637402bc4e4c8c18a315514f1d84f5a8d1c01","oh-assault-with-deadly-weapon; oh-assault-on-peace-officer; oh-orc-2903-11-felonious-assault","felonious assault","Resolve oh-assault-with-deadly-weapon, oh-assault-on-peace-officer: retain a distinct supported scope, correct the citation, split, map to a source-first record, hold, or remove. A shared section or a similar name is not proof of equivalence.
Confirm the proposed charge's precise conduct scope, applicable exceptions, grading and incorporated definitions against the supplied full text before publication.
Determine which additional textual references affect this charge's claims: 2907.02, 4510.02, 1.52. These are leads, not automatically required dependencies; record include/exclude decisions in the reference ledger.","","","",""
"2903.12","Aggravated assault","https://codes.ohio.gov/ohio-revised-code/section-2903.12","520680c85587dac6fb8786fdbfa7d5833e0ffb602d167ff27f668c91046a37b0","oh-aggravated-assault; oh-orc-2903-12-aggravated-assault","aggravated assault","Confirm the proposed charge's precise conduct scope, applicable exceptions, grading and incorporated definitions against the supplied full text before publication.","","","",""
"2903.13","Assault","https://codes.ohio.gov/ohio-revised-code/section-2903.13","040456959beff0885577c0a63334b9480a886ebc5bd37f47360647377ad486b1","oh-assault-on-peace-officer; oh-assault-simple; ohio-section-2903.13","assault","Resolve oh-assault-on-peace-officer, oh-assault-simple: retain a distinct supported scope, correct the citation, split, map to a source-first record, hold, or remove. A shared section or a similar name is not proof of equivalence.
Confirm the proposed charge's precise conduct scope, applicable exceptions, grading and incorporated definitions against the supplied full text before publication.
Determine which additional textual references affect this charge's claims: 2903.16, 2903.22, 2941.25, 341.23, 753.21, 3311.77, 3319.08, 3319.22, 3319.311, 3301.07, 3301.071, 2967.27, 2903.01, 2903.02, 2903.03, 2903.04, 2903.041, 2903.12, 2903.14, 3701.01, 4723.32. These are leads, not automatically required dependencies; record include/exclude decisions in the reference ledger.","Selected reference 3727.01 needs source acquisition","","",""
"2903.16","Failing to provide for a functionally impaired person","https://codes.ohio.gov/ohio-revised-code/section-2903.16","2c1888663a284724d9fa2e0fcdf51b9165da0bba40a899a85ef1df5879fddd4e","ohio-section-2903.16","knowingly failing to provide for a person with a functional impairment; recklessly failing to provide for a person with a functional impairment","Confirm each quoted statutory offense's conduct subdivisions and applicable grading branches. Do not turn sentencing enhancements into separate offenses.","","","",""
"2903.211","Menacing by stalking","https://codes.ohio.gov/ohio-revised-code/section-2903.211","6740e0adc1febba86806f378900631708e09d2cc21c3489ac1a7dbb44dfa4ac9","oh-harassment; ohio-section-2903.211","menacing by stalking","Resolve oh-harassment: retain a distinct supported scope, correct the citation, split, map to a source-first record, hold, or remove. A shared section or a similar name is not proof of equivalence.
Confirm the proposed charge's precise conduct scope, applicable exceptions, grading and incorporated definitions against the supplied full text before publication.
Determine which additional textual references affect this charge's claims: 2911.211, 2903.213, 2903.214, 2919.271. These are leads, not automatically required dependencies; record include/exclude decisions in the reference ledger.","","","",""
"2903.216","Illegal use of a tracking device or application","https://codes.ohio.gov/ohio-revised-code/section-2903.216","ccf718c4688e38f196c3c2f36374bcf277e9b565d992a75b37ee09c1358f6f2e","ohio-section-2903.216","illegal use of a tracking device or application","Confirm the proposed charge's precise conduct scope, applicable exceptions, grading and incorporated definitions against the supplied full text before publication.
Determine which additional textual references affect this charge's claims: 2919.26, 3113.31, 2151.34, 2903.213, 2903.214, 2929.20, 2967.28, 2967.26, 2951.041, 4749.03, 2903.211. These are leads, not automatically required dependencies; record include/exclude decisions in the reference ledger.","Selected reference 4749.01 needs source acquisition","","",""
"2903.22","Menacing","https://codes.ohio.gov/ohio-revised-code/section-2903.22","ea58e11d6582e597bbc42a83fd27713cc4dc0a71e9c81fd201fc467a60876c32","oh-menacing; ohio-section-2903.22","menacing","Confirm the proposed charge's precise conduct scope, applicable exceptions, grading and incorporated definitions against the supplied full text before publication.
Determine which additional textual references affect this charge's claims: 2941.25. These are leads, not automatically required dependencies; record include/exclude decisions in the reference ledger.","","","",""
"2903.341","Patient endangerment","https://codes.ohio.gov/ohio-revised-code/section-2903.341","41ac7152196cb537b18d3d41214e25b5f70465c591880cbc90d83426767d3bf0","ohio-section-2903.341","patient endangerment","Confirm the proposed charge's precise conduct scope, applicable exceptions, grading and incorporated definitions against the supplied full text before publication.","Selected reference 5123.01 needs source acquisition
Selected reference 5123.50 needs source acquisition","","",""
"2903.43","Offenders who have VOD duties; enrollment","https://codes.ohio.gov/ohio-revised-code/section-2903.43","95b4424628ff239b2315cf626d15b32ed0211824fbd569cebe632ab3e1e500f7","ohio-section-2903.43","","Confirm the proposed charge's precise conduct scope, applicable exceptions, grading and incorporated definitions against the supplied full text before publication.
Determine which additional textual references affect this charge's claims: 149.43. These are leads, not automatically required dependencies; record include/exclude decisions in the reference ledger.","","","",""
"2907.02","Rape","https://codes.ohio.gov/ohio-revised-code/section-2907.02","4f2f42e81c1486a001be29c1fb02e32a868cdf0f80db6c19d8d345f9139ad200","oh-rape-in-the-first-degree; oh-attempted-sexual-assault","rape","Resolve oh-attempted-sexual-assault: retain a distinct supported scope, correct the citation, split, map to a source-first record, hold, or remove. A shared section or a similar name is not proof of equivalence.
Confirm the proposed charge's precise conduct scope, applicable exceptions, grading and incorporated definitions against the supplied full text before publication.
Determine which additional textual references affect this charge's claims: 2945.59, 1.52. These are leads, not automatically required dependencies; record include/exclude decisions in the reference ledger.","","","",""
"2907.03","Sexual battery","https://codes.ohio.gov/ohio-revised-code/section-2907.03","ac507241723772a27d32187583241bb02fa9508780b6106f3fbed225793845f1","oh-sexual-assault-in-the-second-degree","sexual battery","Resolve oh-sexual-assault-in-the-second-degree: retain a distinct supported scope, correct the citation, split, map to a source-first record, hold, or remove. A shared section or a similar name is not proof of equivalence.
Confirm the proposed charge's precise conduct scope, applicable exceptions, grading and incorporated definitions against the supplied full text before publication.
Determine which additional textual references affect this charge's claims: 3301.07, 3345.011, 1.52. These are leads, not automatically required dependencies; record include/exclude decisions in the reference ledger.","","","",""
"2907.04","Unlawful sexual conduct with minor","https://codes.ohio.gov/ohio-revised-code/section-2907.04","99e1cad558c1fcb9d586d54adbdf2ce62adc392aba0bfdfaa3d2f66e08a18dae","oh-statutory-rape","unlawful sexual conduct with a minor","Resolve oh-statutory-rape: retain a distinct supported scope, correct the citation, split, map to a source-first record, hold, or remove. A shared section or a similar name is not proof of equivalence.
Confirm the proposed charge's precise conduct scope, applicable exceptions, grading and incorporated definitions against the supplied full text before publication.
Determine which additional textual references affect this charge's claims: 2907.02, 2907.03, 2907.12. These are leads, not automatically required dependencies; record include/exclude decisions in the reference ledger.","","","",""
"2907.05","Gross sexual imposition","https://codes.ohio.gov/ohio-revised-code/section-2907.05","fe219e4d25e9b16dac6493c692a9e2efbd930ef839776c3a021ce02315d59047","oh-sexual-assault-in-the-third-degree; oh-child-sexual-abuse","gross sexual imposition","Resolve oh-child-sexual-abuse: retain a distinct supported scope, correct the citation, split, map to a source-first record, hold, or remove. A shared section or a similar name is not proof of equivalence.
Confirm the proposed charge's precise conduct scope, applicable exceptions, grading and incorporated definitions against the supplied full text before publication.
Determine which additional textual references affect this charge's claims: 2945.59. These are leads, not automatically required dependencies; record include/exclude decisions in the reference ledger.","","","",""
"2907.09","Public indecency","https://codes.ohio.gov/ohio-revised-code/section-2907.09","836ea221be8b7ec32692b66c3532a210dff7bcb9c3eece5ceb0fa855647a62da","oh-indecent-exposure","public indecency","Resolve oh-indecent-exposure: retain a distinct supported scope, correct the citation, split, map to a source-first record, hold, or remove. A shared section or a similar name is not proof of equivalence.
Confirm the proposed charge's precise conduct scope, applicable exceptions, grading and incorporated definitions against the supplied full text before publication.","","","",""
"2907.24","Soliciting; solicitation after a positive HIV test","https://codes.ohio.gov/ohio-revised-code/section-2907.24","a082e8cc82da24c7b8fe18ddb1545eec48c49530afe5fc1190e8e36f6450f056","oh-solicitation","soliciting; engaging in solicitation after a positive HIV test","Resolve oh-solicitation: retain a distinct supported scope, correct the citation, split, map to a source-first record, hold, or remove. A shared section or a similar name is not proof of equivalence.
Confirm each quoted statutory offense's conduct subdivisions and applicable grading branches. Do not turn sentencing enhancements into separate offenses.","","","",""
"2907.25","Prostitution - after positive HIV test","https://codes.ohio.gov/ohio-revised-code/section-2907.25","7f344a172cb5d75896b6a6050807c381d688cf2c4f767aff92a8545fb72cc674","oh-solicitation","prostitution; engaging in prostitution after a positive HIV test","Resolve oh-solicitation: retain a distinct supported scope, correct the citation, split, map to a source-first record, hold, or remove. A shared section or a similar name is not proof of equivalence.
Confirm each quoted statutory offense's conduct subdivisions and applicable grading branches. Do not turn sentencing enhancements into separate offenses.","","","",""
"2907.321","Pandering obscenity involving a minor or impaired person","https://codes.ohio.gov/ohio-revised-code/section-2907.321","760cf7c78abd22c74960f8a25b01239a58b9740104e90e99791e48ab30e6551d","oh-sexual-exploitation-of-minor","pandering obscenity involving a minor or impaired person","Resolve oh-sexual-exploitation-of-minor: retain a distinct supported scope, correct the citation, split, map to a source-first record, hold, or remove. A shared section or a similar name is not proof of equivalence.
Confirm the proposed charge's precise conduct scope, applicable exceptions, grading and incorporated definitions against the supplied full text before publication.
Determine which additional textual references affect this charge's claims: 2907.322, 2907.323. These are leads, not automatically required dependencies; record include/exclude decisions in the reference ledger.","","","",""
"2909.06","Criminal damaging or endangering","https://codes.ohio.gov/ohio-revised-code/section-2909.06","b64a0c038af16a99c8c9c5148d7c969a3ad160dfdb4c0b9e56b537c09c7e6ba4","oh-criminal-damaging","criminal damaging or endangering","Resolve oh-criminal-damaging: retain a distinct supported scope, correct the citation, split, map to a source-first record, hold, or remove. A shared section or a similar name is not proof of equivalence.
Confirm the proposed charge's precise conduct scope, applicable exceptions, grading and incorporated definitions against the supplied full text before publication.","","","",""
"2911.01","Aggravated robbery","https://codes.ohio.gov/ohio-revised-code/section-2911.01","681dbe9ed8dc80ea2c234c4bf9da9c1a59c4fa1af569ea2e8889083aebcdf758","oh-robbery-in-the-first-degree; oh-carjacking; oh-bank-robbery","aggravated robbery","Resolve oh-carjacking, oh-bank-robbery: retain a distinct supported scope, correct the citation, split, map to a source-first record, hold, or remove. A shared section or a similar name is not proof of equivalence.
Confirm the proposed charge's precise conduct scope, applicable exceptions, grading and incorporated definitions against the supplied full text before publication.","","","",""
"2911.02","Robbery","https://codes.ohio.gov/ohio-revised-code/section-2911.02","932ac78b0bc5ec91502b00ce2985983ff03da054115b62af2439c9b166db0672","oh-robbery-in-the-second-degree; oh-carjacking; oh-attempted-robbery","robbery","Resolve oh-carjacking, oh-attempted-robbery: retain a distinct supported scope, correct the citation, split, map to a source-first record, hold, or remove. A shared section or a similar name is not proof of equivalence.
Confirm the proposed charge's precise conduct scope, applicable exceptions, grading and incorporated definitions against the supplied full text before publication.","","","",""
"2911.11","Aggravated burglary","https://codes.ohio.gov/ohio-revised-code/section-2911.11","9f71682aadb869016eb39dd1047249ef5a7be8c0aab28fc6a1ea7cce5a3615f6","oh-burglary-in-the-first-degree","aggravated burglary","Resolve oh-burglary-in-the-first-degree: retain a distinct supported scope, correct the citation, split, map to a source-first record, hold, or remove. A shared section or a similar name is not proof of equivalence.
Confirm the proposed charge's precise conduct scope, applicable exceptions, grading and incorporated definitions against the supplied full text before publication.","","","",""
"2911.12","Burglary","https://codes.ohio.gov/ohio-revised-code/section-2911.12","5090ce0bb721a4ccd0ef8f4dfeb98216abfcef4810b70292858aa8be7cb7ee56","oh-residential-burglary; oh-commercial-burglary","burglary; trespass in a habitation when a person is present or likely to be present","Resolve oh-residential-burglary, oh-commercial-burglary: retain a distinct supported scope, correct the citation, split, map to a source-first record, hold, or remove. A shared section or a similar name is not proof of equivalence.
Confirm each quoted statutory offense's conduct subdivisions and applicable grading branches. Do not turn sentencing enhancements into separate offenses.","","","",""
"2911.13","Breaking and entering","https://codes.ohio.gov/ohio-revised-code/section-2911.13","49083e92a8d2029c8a4b5fdbdeeb0ea4a87d85e3b0de3b02bf115111cfe46290","oh-auto-burglary","breaking and entering","Resolve oh-auto-burglary: retain a distinct supported scope, correct the citation, split, map to a source-first record, hold, or remove. A shared section or a similar name is not proof of equivalence.
Confirm the proposed charge's precise conduct scope, applicable exceptions, grading and incorporated definitions against the supplied full text before publication.","","","",""
"2911.21","Criminal trespass","https://codes.ohio.gov/ohio-revised-code/section-2911.21","d987f0479cefd5ba9a2241ecbd712d0fb452bbf1bec9f98a0e57dbe476823526","oh-criminal-trespass; oh-illegal-camping; oh-trespass-after-warning","criminal trespass","Resolve oh-illegal-camping, oh-trespass-after-warning: retain a distinct supported scope, correct the citation, split, map to a source-first record, hold, or remove. A shared section or a similar name is not proof of equivalence.
Confirm the proposed charge's precise conduct scope, applicable exceptions, grading and incorporated definitions against the supplied full text before publication.
Determine which additional textual references affect this charge's claims: 2929.28, 4519.47, 4519.11, 4905.02. These are leads, not automatically required dependencies; record include/exclude decisions in the reference ledger.","Selected reference 4928.01 needs source acquisition","","",""
"2913.02","Theft","https://codes.ohio.gov/ohio-revised-code/section-2913.02","f86873d5326c0f2efe8e36fe7ab5804932cf7ffd9fc55b4e0eb3ee351882d614","oh-petty-theft; oh-identity-theft; oh-embezzlement; oh-shoplifting; oh-auto-burglary; oh-wire-fraud; oh-mail-fraud","theft","Resolve oh-petty-theft, oh-identity-theft, oh-embezzlement, oh-shoplifting, oh-auto-burglary, oh-wire-fraud, oh-mail-fraud: retain a distinct supported scope, correct the citation, split, map to a source-first record, hold, or remove. A shared section or a similar name is not proof of equivalence.
Confirm the proposed charge's precise conduct scope, applicable exceptions, grading and incorporated definitions against the supplied full text before publication.
Determine which additional textual references affect this charge's claims: 2913.71, 5101.61, 5101.71, 4510.02. These are leads, not automatically required dependencies; record include/exclude decisions in the reference ledger.","Selected reference 4737.012 needs source acquisition
Selected reference 4737.04 needs source acquisition","","",""
"2913.04","Unauthorized use of property - computer, cable, or telecommunication property","https://codes.ohio.gov/ohio-revised-code/section-2913.04","d5ae4b2c3eb945fac7fbf597c0daa8b5417cfa1a6075fe4871c95b7c062cecf1","oh-computer-fraud","unauthorized use of property; unauthorized use of computer; unauthorized use of the law enforcement automated database system; unauthorized use of the Ohio law enforcement gateway","Resolve oh-computer-fraud: retain a distinct supported scope, correct the citation, split, map to a source-first record, hold, or remove. A shared section or a similar name is not proof of equivalence.
Confirm each quoted statutory offense's conduct subdivisions and applicable grading branches. Do not turn sentencing enhancements into separate offenses.
Determine which additional textual references affect this charge's claims: 5503.101, 5503.10, 109.57, 2913.03. These are leads, not automatically required dependencies; record include/exclude decisions in the reference ledger.","","","",""
"2913.11","Passing bad checks","https://codes.ohio.gov/ohio-revised-code/section-2913.11","bb91b13178b8d5e6a4eeb15ef7bf5e5b9b595048f8300943208266b5f0ef6ccb","oh-check-fraud","passing bad checks","Resolve oh-check-fraud: retain a distinct supported scope, correct the citation, split, map to a source-first record, hold, or remove. A shared section or a similar name is not proof of equivalence.
Confirm the proposed charge's precise conduct scope, applicable exceptions, grading and incorporated definitions against the supplied full text before publication.","","","",""
"2913.21","Misuse of credit cards","https://codes.ohio.gov/ohio-revised-code/section-2913.21","1515d9b54d6439c35de2bdb4e598cf77d94d410fd4ea105c5cdcc95a8505c676","oh-credit-card-fraud","misuse of credit cards","Resolve oh-credit-card-fraud: retain a distinct supported scope, correct the citation, split, map to a source-first record, hold, or remove. A shared section or a similar name is not proof of equivalence.
Confirm the proposed charge's precise conduct scope, applicable exceptions, grading and incorporated definitions against the supplied full text before publication.
Determine which additional textual references affect this charge's claims: 2921.01, 1.52. These are leads, not automatically required dependencies; record include/exclude decisions in the reference ledger.","Selected reference 5101.61 needs source acquisition
Selected reference 5101.71 needs source acquisition","","",""
"2913.31","Forgery - Forging identification cards or selling or distributing forged identification cards","https://codes.ohio.gov/ohio-revised-code/section-2913.31","d53397b91af4c872a1890563dba60a7d6a83932174a35fe2d5bfc546ed1400a0","oh-forgery; oh-fake-id","forgery; forging identification cards or selling or distributing forged identification cards","Resolve oh-fake-id: retain a distinct supported scope, correct the citation, split, map to a source-first record, hold, or remove. A shared section or a similar name is not proof of equivalence.
Confirm each quoted statutory offense's conduct subdivisions and applicable grading branches. Do not turn sentencing enhancements into separate offenses.","Selected reference 5101.61 needs source acquisition
Selected reference 5101.71 needs source acquisition","","",""
"2913.49","Identity fraud","https://codes.ohio.gov/ohio-revised-code/section-2913.49","59545088a699505f09d794da47ba021da60c249b4c43274ae1d682ab016647c8","oh-identity-theft","identity fraud","Resolve oh-identity-theft: retain a distinct supported scope, correct the citation, split, map to a source-first record, hold, or remove. A shared section or a similar name is not proof of equivalence.
Confirm the proposed charge's precise conduct scope, applicable exceptions, grading and incorporated definitions against the supplied full text before publication.
Determine which additional textual references affect this charge's claims: 2913.02, 2913.04, 2913.11, 2913.21, 2913.31, 2913.42, 2913.43, 2921.13, 5101.61, 5101.71. These are leads, not automatically required dependencies; record include/exclude decisions in the reference ledger.","","","",""
"2913.51","Receiving stolen property","https://codes.ohio.gov/ohio-revised-code/section-2913.51","ba8001068d9e3f6bc51149aa32b2dff709d34ea3a2a7e7683e8317853bef2ac6","oh-theft-by-receiving","receiving stolen property","Resolve oh-theft-by-receiving: retain a distinct supported scope, correct the citation, split, map to a source-first record, hold, or remove. A shared section or a similar name is not proof of equivalence.
Confirm the proposed charge's precise conduct scope, applicable exceptions, grading and incorporated definitions against the supplied full text before publication.","Selected reference 4737.012 needs source acquisition
Selected reference 4737.04 needs source acquisition","","",""
"2917.11","Disorderly conduct","https://codes.ohio.gov/ohio-revised-code/section-2917.11","1ba0a7b235ba6136b0e05e075f030cee20fb0e8755c11320ac0621992bd4f948","oh-disorderly-conduct; oh-public-intoxication; oh-loitering; oh-noise-violation; oh-panhandling","disorderly conduct","Resolve oh-public-intoxication, oh-loitering, oh-noise-violation, oh-panhandling: retain a distinct supported scope, correct the citation, split, map to a source-first record, hold, or remove. A shared section or a similar name is not proof of equivalence.
Confirm the proposed charge's precise conduct scope, applicable exceptions, grading and incorporated definitions against the supplied full text before publication.","","","",""
"2917.12","Disturbing a lawful meeting","https://codes.ohio.gov/ohio-revised-code/section-2917.12","a33e1ebaf086ca567ccae3dd4b308d4c05066ed8230c193d7d88c443550d9676","oh-illegal-camping","disturbing a lawful meeting","Resolve oh-illegal-camping: retain a distinct supported scope, correct the citation, split, map to a source-first record, hold, or remove. A shared section or a similar name is not proof of equivalence.
Confirm the proposed charge's precise conduct scope, applicable exceptions, grading and incorporated definitions against the supplied full text before publication.","","","",""
"2917.14","Unlawfully impeding public passage of an emergency service responder","https://codes.ohio.gov/ohio-revised-code/section-2917.14","1bcec63ca643d224b6be5bf0cb2a3e0687fea7da0168a823a7828150836719bc","oh-curfew-violation","unlawfully impeding public passage of an emergency service responder","Resolve oh-curfew-violation: retain a distinct supported scope, correct the citation, split, map to a source-first record, hold, or remove. A shared section or a similar name is not proof of equivalence.
Confirm the proposed charge's precise conduct scope, applicable exceptions, grading and incorporated definitions against the supplied full text before publication.
Determine which additional textual references affect this charge's claims: 2921.31. These are leads, not automatically required dependencies; record include/exclude decisions in the reference ledger.","","","",""
"2917.21","Telecommunications harassment","https://codes.ohio.gov/ohio-revised-code/section-2917.21","e517b9e8a11c4127477ca938cfcb9dacf342685488bb6c6885c0a96557ba052d","oh-harassment","telecommunications harassment","Resolve oh-harassment: retain a distinct supported scope, correct the citation, split, map to a source-first record, hold, or remove. A shared section or a similar name is not proof of equivalence.
Confirm the proposed charge's precise conduct scope, applicable exceptions, grading and incorporated definitions against the supplied full text before publication.
Determine which additional textual references affect this charge's claims: 2903.21. These are leads, not automatically required dependencies; record include/exclude decisions in the reference ledger.","","","",""
"2919.21","Nonsupport or contributing to nonsupport of dependents","https://codes.ohio.gov/ohio-revised-code/section-2919.21","6a37f854399b7dbd25235ea009b6db0658eadea45ec7479cf32345372767dc41","oh-failure-to-pay-child-support","nonsupport of dependents; nonsupport of dependents by reason of failing to provide support to the offender's child as required by a child support order issued on or after April 15; contributing to the nonsupport of dependents","Resolve oh-failure-to-pay-child-support: retain a distinct supported scope, correct the citation, split, map to a source-first record, hold, or remove. A shared section or a similar name is not proof of equivalence.
Confirm each quoted statutory offense's conduct subdivisions and applicable grading branches. Do not turn sentencing enhancements into separate offenses.
Determine which additional textual references affect this charge's claims: 2901.13. These are leads, not automatically required dependencies; record include/exclude decisions in the reference ledger.","Selected reference 3115.31 needs source acquisition","","",""
"2919.27","Violating protection order","https://codes.ohio.gov/ohio-revised-code/section-2919.27","b2e7bd5d5450c0d675173bf6a5af877ec5d697afbeb92b1e80ed593aee9e721b","oh-protective-order-violation","violating a protection order","Resolve oh-protective-order-violation: retain a distinct supported scope, correct the citation, split, map to a source-first record, hold, or remove. A shared section or a similar name is not proof of equivalence.
Confirm the proposed charge's precise conduct scope, applicable exceptions, grading and incorporated definitions against the supplied full text before publication.
Determine which additional textual references affect this charge's claims: 2919.26, 3113.31, 2903.213, 2903.21, 2903.211, 2903.22, 2911.211. These are leads, not automatically required dependencies; record include/exclude decisions in the reference ledger.","","","",""
"2921.13","Falsification - in theft offense - to purchase firearm","https://codes.ohio.gov/ohio-revised-code/section-2921.13","fa9ee9e3d318971b4abde3ae99a8651d3fe3ffb9a2f3c0fce1b09cd90cd5e899","oh-false-info-to-police","falsification; falsification in a theft offense; falsification to purchase a firearm; falsification to obtain a concealed handgun license; falsification regarding a removal proceeding","Resolve oh-false-info-to-police: retain a distinct supported scope, correct the citation, split, map to a source-first record, hold, or remove. A shared section or a similar name is not proof of equivalence.
Confirm each quoted statutory offense's conduct subdivisions and applicable grading branches. Do not turn sentencing enhancements into separate offenses.
Determine which additional textual references affect this charge's claims: 2923.125, 2923.1213, 5743.71, 5101.19, 5101.194, 319.26, 321.37, 507.13, 733.78. These are leads, not automatically required dependencies; record include/exclude decisions in the reference ledger.","Selected reference 9.66 needs source acquisition","","",""
"2921.32","Obstructing justice","https://codes.ohio.gov/ohio-revised-code/section-2921.32","ebb5aa86e04f941396e68ce16d7457518f455791d6d9f1ca24ad2263acdf479a","oh-accessory-after-the-fact","obstructing justice","Resolve oh-accessory-after-the-fact: retain a distinct supported scope, correct the citation, split, map to a source-first record, hold, or remove. A shared section or a similar name is not proof of equivalence.
Confirm the proposed charge's precise conduct scope, applicable exceptions, grading and incorporated definitions against the supplied full text before publication.","","","",""
"2921.33","Resisting arrest","https://codes.ohio.gov/ohio-revised-code/section-2921.33","5cd9f0492db654c9f3a08202629763ae1d49265df51ee38e4dd4139b374733d1","oh-resisting-arrest","resisting arrest","Resolve oh-resisting-arrest: retain a distinct supported scope, correct the citation, split, map to a source-first record, hold, or remove. A shared section or a similar name is not proof of equivalence.
Confirm the proposed charge's precise conduct scope, applicable exceptions, grading and incorporated definitions against the supplied full text before publication.","","","",""
"2923.01","Conspiracy","https://codes.ohio.gov/ohio-revised-code/section-2923.01","44f28b7c3eb81965455434bdff3cc6d4462e62c62879f780724dcd1d6021cb32","oh-conspiracy","conspiring with that other person; only one conspiracy; conspiracy","Resolve oh-conspiracy: retain a distinct supported scope, correct the citation, split, map to a source-first record, hold, or remove. A shared section or a similar name is not proof of equivalence.
Confirm each quoted statutory offense's conduct subdivisions and applicable grading branches. Do not turn sentencing enhancements into separate offenses.
Determine which additional textual references affect this charge's claims: 2923.421, 3734.18, 2923.32, 2981.04, 2981.06, 2925.03, 2925.04, 2925.05, 2925.06, 2925.11. These are leads, not automatically required dependencies; record include/exclude decisions in the reference ledger.","","","",""
"2923.02","Attempt to commit an offense","https://codes.ohio.gov/ohio-revised-code/section-2923.02","5ce3fb0499d214ea0d2512e3f91bb581fa51a75ad3f2562e0d50f642cc714a44","oh-criminal-attempt; oh-attempted-murder; oh-attempted-robbery; oh-attempted-sexual-assault","an attempt to commit an offense","Resolve oh-criminal-attempt, oh-attempted-murder, oh-attempted-robbery, oh-attempted-sexual-assault: retain a distinct supported scope, correct the citation, split, map to a source-first record, hold, or remove. A shared section or a similar name is not proof of equivalence.
Confirm the proposed charge's precise conduct scope, applicable exceptions, grading and incorporated definitions against the supplied full text before publication.
Determine which additional textual references affect this charge's claims: 3734.18, 4510.02. These are leads, not automatically required dependencies; record include/exclude decisions in the reference ledger.","","","",""
"2923.03","Complicity","https://codes.ohio.gov/ohio-revised-code/section-2923.03","bf43371006c97d80d01d8b68472a2540cfc85bc9d0346b461756571ec394db33","oh-aiding-and-abetting; oh-criminal-solicitation","complicity in the commission of an offense","Resolve oh-aiding-and-abetting, oh-criminal-solicitation: retain a distinct supported scope, correct the citation, split, map to a source-first record, hold, or remove. A shared section or a similar name is not proof of equivalence.
Confirm the proposed charge's precise conduct scope, applicable exceptions, grading and incorporated definitions against the supplied full text before publication.
Determine which additional textual references affect this charge's claims: 2923.01, 2923.02. These are leads, not automatically required dependencies; record include/exclude decisions in the reference ledger.","","","",""
"2923.12","Carrying concealed weapons","https://codes.ohio.gov/ohio-revised-code/section-2923.12","535a40f5551fe9b5fa85644bcd3bc150549ecd7bf73701d6a00baedc24ebc159","oh-unlawful-carrying-of-weapon","carrying concealed weapons; a minor misdemeanor if both of the following apply:; a minor misdemeanor","Resolve oh-unlawful-carrying-of-weapon: retain a distinct supported scope, correct the citation, split, map to a source-first record, hold, or remove. A shared section or a similar name is not proof of equivalence.
Confirm each quoted statutory offense's conduct subdivisions and applicable grading branches. Do not turn sentencing enhancements into separate offenses.
Determine which additional textual references affect this charge's claims: 109.801, 2923.11, 2923.125, 2953.35, 2945.71, 2923.163. These are leads, not automatically required dependencies; record include/exclude decisions in the reference ledger.","","","",""
"2923.13","Having weapons while under disability","https://codes.ohio.gov/ohio-revised-code/section-2923.13","fb2e6b9b9b30c1c84fb074507032aae315bdaa6fb1b088cb7cec93facda5207c","oh-felon-in-possession-of-firearm","having weapons while under disability","Resolve oh-felon-in-possession-of-firearm: retain a distinct supported scope, correct the citation, split, map to a source-first record, hold, or remove. A shared section or a similar name is not proof of equivalence.
Confirm the proposed charge's precise conduct scope, applicable exceptions, grading and incorporated definitions against the supplied full text before publication.","Selected reference 5122.01 needs source acquisition","","",""
"2923.161","Improperly discharging firearm at or into a habitation, in a school safety zone or with intent to cause harm or panic to persons in a school building or at a school function","https://codes.ohio.gov/ohio-revised-code/section-2923.161","5aac58d68219fbf2d913f080d2bbe3862086ec9a3882432f2c3b7fce6c594948","oh-discharge-of-firearm-in-city","improperly discharging a firearm at or into a habitation","Resolve oh-discharge-of-firearm-in-city: retain a distinct supported scope, correct the citation, split, map to a source-first record, hold, or remove. A shared section or a similar name is not proof of equivalence.
Confirm the proposed charge's precise conduct scope, applicable exceptions, grading and incorporated definitions against the supplied full text before publication.","","","",""
"2923.162","Discharge of firearm on or near prohibited premises","https://codes.ohio.gov/ohio-revised-code/section-2923.162","ccd82d4008bedf567ace77f085627e303725b443646e7aeacd9310db7600b38a","oh-discharge-of-firearm-in-city","discharge of a firearm on or near prohibited premises","Resolve oh-discharge-of-firearm-in-city: retain a distinct supported scope, correct the citation, split, map to a source-first record, hold, or remove. A shared section or a similar name is not proof of equivalence.
Confirm the proposed charge's precise conduct scope, applicable exceptions, grading and incorporated definitions against the supplied full text before publication.","","","",""
"2923.17","Unlawful possession of dangerous ordnance - illegally manufacturing or processing explosives","https://codes.ohio.gov/ohio-revised-code/section-2923.17","7a512b8b37b3e4cb0d80a07ea7ca02338cf40dfa40b2a7bc849970dc8842457c","oh-possession-of-prohibited-weapon","unlawful possession of dangerous ordnance; illegally manufacturing or processing explosives","Resolve oh-possession-of-prohibited-weapon: retain a distinct supported scope, correct the citation, split, map to a source-first record, hold, or remove. A shared section or a similar name is not proof of equivalence.
Confirm each quoted statutory offense's conduct subdivisions and applicable grading branches. Do not turn sentencing enhancements into separate offenses.
Determine which additional textual references affect this charge's claims: 2923.18, 1533.16, 1533.04. These are leads, not automatically required dependencies; record include/exclude decisions in the reference ledger.","","","",""
"2923.211","Underage purchase of firearm or handgun","https://codes.ohio.gov/ohio-revised-code/section-2923.211","47128ab2b68b85cc57eca6334a8fcdf777e15e839016e5bf307c1180196d2d44","oh-juvenile-firearm-possession","underage purchase of a firearm","Resolve oh-juvenile-firearm-possession: retain a distinct supported scope, correct the citation, split, map to a source-first record, hold, or remove. A shared section or a similar name is not proof of equivalence.
Confirm the proposed charge's precise conduct scope, applicable exceptions, grading and incorporated definitions against the supplied full text before publication.","","","",""
"2923.32","Engaging in pattern of corrupt activity","https://codes.ohio.gov/ohio-revised-code/section-2923.32","4c8a72d0b49109f365a9e2d18b878f99335a210a1b3ee8fa23ec106a5f56249f","oh-rico-organized-crime","engaging in a pattern of corrupt activity","Resolve oh-rico-organized-crime: retain a distinct supported scope, correct the citation, split, map to a source-first record, hold, or remove. A shared section or a similar name is not proof of equivalence.
Confirm the proposed charge's precise conduct scope, applicable exceptions, grading and incorporated definitions against the supplied full text before publication.","","","",""
"2925.03","Trafficking, aggravated trafficking in drugs","https://codes.ohio.gov/ohio-revised-code/section-2925.03","651e899201fee2726fac5ea2b860e320540ed06c800903710a70181e3b329fd1","oh-possession-with-intent-to-distribute; oh-distribution-of-controlled-substance; oh-drug-trafficking; oh-drug-school-zone-enhancement","one of the following:; aggravated trafficking in drugs; trafficking in drugs; trafficking in marihuana; trafficking in cocaine; trafficking in L; trafficking in heroin; trafficking in hashish; trafficking in a controlled substance analog; trafficking in a fentanyl-related compound; trafficking in marihuana; trafficking in a fentanyl-related compound","Resolve oh-possession-with-intent-to-distribute, oh-distribution-of-controlled-substance, oh-drug-trafficking, oh-drug-school-zone-enhancement: retain a distinct supported scope, correct the citation, split, map to a source-first record, hold, or remove. A shared section or a similar name is not proof of equivalence.
Confirm each quoted statutory offense's conduct subdivisions and applicable grading branches. Do not turn sentencing enhancements into separate offenses.
Determine which additional textual references affect this charge's claims: 2925.38, 2929.33, 3719.21, 511.18, 1545.04, 2925.42, 149.43, 5119.36, 5119.37, 3719.01, 1.52. These are leads, not automatically required dependencies; record include/exclude decisions in the reference ledger.","Selected reference 5119.01 needs source acquisition","","",""
"2925.04","Illegal manufacture of drugs - illegal cultivation of marihuana - methamphetamine offenses","https://codes.ohio.gov/ohio-revised-code/section-2925.04","7cc016535ed099e05d144b635ccb3208273226e99ae85eae5786c23bba866ccd","oh-manufacturing-controlled-substance","illegal manufacture of drugs; a specification of the type described in division (A) of section 2941","Resolve oh-manufacturing-controlled-substance: retain a distinct supported scope, correct the citation, split, map to a source-first record, hold, or remove. A shared section or a similar name is not proof of equivalence.
Confirm each quoted statutory offense's conduct subdivisions and applicable grading branches. Do not turn sentencing enhancements into separate offenses.
Determine which additional textual references affect this charge's claims: 2925.03, 2925.38, 2929.33, 2901.05. These are leads, not automatically required dependencies; record include/exclude decisions in the reference ledger.","","","",""
"2925.05","Funding, aggravated funding of drug or marihuana trafficking","https://codes.ohio.gov/ohio-revised-code/section-2925.05","c3e1216dcd79e2dc8d9fd3dcf3be41b0ff94045bcd4a6e5035efbfee48028c80","oh-maintaining-drug-house","aggravated funding of drug trafficking; funding of drug trafficking; funding of marihuana trafficking; a specification of the type described in division (A) of section 2941","Resolve oh-maintaining-drug-house: retain a distinct supported scope, correct the citation, split, map to a source-first record, hold, or remove. A shared section or a similar name is not proof of equivalence.
Confirm each quoted statutory offense's conduct subdivisions and applicable grading branches. Do not turn sentencing enhancements into separate offenses.
Determine which additional textual references affect this charge's claims: 2925.04, 2925.03, 2925.38, 2929.33. These are leads, not automatically required dependencies; record include/exclude decisions in the reference ledger.","","","",""
"2925.11","Possession of controlled substances","https://codes.ohio.gov/ohio-revised-code/section-2925.11","48873a120faeac17de6d06cbb50fda7ad3b3aabc725e18a0154de89e27aa7d97","oh-possession-of-controlled-substance; oh-possession-marijuana","one of the following:; aggravated possession of drugs; possession of drugs; possession of marihuana; possession of cocaine; possession of L; possession of heroin; possession of hashish; possession of a controlled substance analog; possession of marihuana; possession of a fentanyl-related compound; possession of drugs; possession of a fentanyl-related compound; possession of a fentanyl-related compound","Resolve oh-possession-of-controlled-substance, oh-possession-marijuana: retain a distinct supported scope, correct the citation, split, map to a source-first record, hold, or remove. A shared section or a similar name is not proof of equivalence.
Confirm each quoted statutory offense's conduct subdivisions and applicable grading branches. Do not turn sentencing enhancements into separate offenses.
Determine which additional textual references affect this charge's claims: 3719.21, 2925.03, 2925.38, 2929.33, 2901.05, 3719.01, 1.52. These are leads, not automatically required dependencies; record include/exclude decisions in the reference ledger.","Selected reference 5119.01 needs source acquisition","","",""
"2925.13","Permitting drug abuse","https://codes.ohio.gov/ohio-revised-code/section-2925.13","e4b5a3cac01e8a0c94318e8158fa24e014333345d9ad8d7bcb9862451207e472","oh-maintaining-drug-house","permitting drug abuse","Resolve oh-maintaining-drug-house: retain a distinct supported scope, correct the citation, split, map to a source-first record, hold, or remove. A shared section or a similar name is not proof of equivalence.
Confirm the proposed charge's precise conduct scope, applicable exceptions, grading and incorporated definitions against the supplied full text before publication.
Determine which additional textual references affect this charge's claims: 2925.02, 2925.03, 2925.04, 2925.041, 2925.38, 2929.33, 3719.21, 2929.18. These are leads, not automatically required dependencies; record include/exclude decisions in the reference ledger.","","","",""
"2925.14","Illegal use or possession of drug paraphernalia","https://codes.ohio.gov/ohio-revised-code/section-2925.14","e0ca3c770008911245d2b70a73055b3941849686dc6ad2507052613571479412","oh-possession-of-drug-paraphernalia","illegal use or possession of drug paraphernalia; dealing in drug paraphernalia; selling drug paraphernalia to juveniles; illegal advertising of drug paraphernalia","Resolve oh-possession-of-drug-paraphernalia: retain a distinct supported scope, correct the citation, split, map to a source-first record, hold, or remove. A shared section or a similar name is not proof of equivalence.
Confirm each quoted statutory offense's conduct subdivisions and applicable grading branches. Do not turn sentencing enhancements into separate offenses.
Determine which additional textual references affect this charge's claims: 3719.172, 2925.11, 4729.261, 2981.12, 2925.38, 2929.33. These are leads, not automatically required dependencies; record include/exclude decisions in the reference ledger.","","","",""
"2927.12","Ethnic intimidation","https://codes.ohio.gov/ohio-revised-code/section-2927.12","710556f7816926d9581b28c89b454a556fc26a4177fb84dc6a1eaad59c4501ac","oh-hate-crime-enhancement","ethnic intimidation","Resolve oh-hate-crime-enhancement: retain a distinct supported scope, correct the citation, split, map to a source-first record, hold, or remove. A shared section or a similar name is not proof of equivalence.
Confirm the proposed charge's precise conduct scope, applicable exceptions, grading and incorporated definitions against the supplied full text before publication.
Determine which additional textual references affect this charge's claims: 2903.21, 2903.22, 2909.06, 2909.07, 2917.21. These are leads, not automatically required dependencies; record include/exclude decisions in the reference ledger.","","","",""
"2929.14","Definite prison terms","https://codes.ohio.gov/ohio-revised-code/section-2929.14","a2ae7ae19aa5af27cd23a3e8d8bd0ff63feb7fb66f7ed547d3681cff251ef247","oh-recidivist-enhancement","a specification of the type described in division (A) of section 2941","Resolve oh-recidivist-enhancement: retain a distinct supported scope, correct the citation, split, map to a source-first record, hold, or remove. A shared section or a similar name is not proof of equivalence.
Confirm the proposed charge's precise conduct scope, applicable exceptions, grading and incorporated definitions against the supplied full text before publication.
Determine which additional textual references affect this charge's claims: 2941.149, 2929.01, 2905.02, 2907.21, 2923.32, 2919.22, 2941.1422, 2941.1418, 2941.1419, 2941.1420, 2941.142, 2941.143, 2967.132, 1.52. These are leads, not automatically required dependencies; record include/exclude decisions in the reference ledger.","Selected reference 4729.61 needs source acquisition
Selected reference 5120.031 needs source acquisition
Selected reference 5120.032 needs source acquisition
Selected reference 5120.163 needs source acquisition","","",""
"2937.99","Penalty","https://codes.ohio.gov/ohio-revised-code/section-2937.99","5714fcfeb2f147eba50c8ac12a8df135b0880e1d0f267eeb77ae10bb6a22fb9b","oh-failure-to-appear","failure to appear","Confirm the proposed charge's precise conduct scope, applicable exceptions, grading and incorporated definitions against the supplied full text before publication.
Determine which additional textual references affect this charge's claims: 4511.19, 4549.02, 4549.021. These are leads, not automatically required dependencies; record include/exclude decisions in the reference ledger.","","","",""
"2941.142","Criminal gang participation specification","https://codes.ohio.gov/ohio-revised-code/section-2941.142","048ff69f0c9e4372a316265aa667b52fab7d129c02ed83b53a896b230fd3e751","oh-gang-enhancement","","Resolve oh-gang-enhancement: retain a distinct supported scope, correct the citation, split, map to a source-first record, hold, or remove. A shared section or a similar name is not proof of equivalence.
Confirm the proposed charge's precise conduct scope, applicable exceptions, grading and incorporated definitions against the supplied full text before publication.
Determine which additional textual references affect this charge's claims: 2152.17. These are leads, not automatically required dependencies; record include/exclude decisions in the reference ledger.","","","",""
"2941.145","Firearm displayed, brandished, indicated that offender possessed the firearm, or used it to facilitate offense specification","https://codes.ohio.gov/ohio-revised-code/section-2941.145","dc6f5f1aabe9e7199a3706add05c4c5d17a52c7a5d108e01bc19f2211fbf3c73","oh-firearm-in-felony-enhancement","","Resolve oh-firearm-in-felony-enhancement: retain a distinct supported scope, correct the citation, split, map to a source-first record, hold, or remove. A shared section or a similar name is not proof of equivalence.
Confirm the proposed charge's precise conduct scope, applicable exceptions, grading and incorporated definitions against the supplied full text before publication.
Determine which additional textual references affect this charge's claims: 2152.17. These are leads, not automatically required dependencies; record include/exclude decisions in the reference ledger.","","","",""
"2951.08","Conditions for arrest of person on probation or under community control sanction","https://codes.ohio.gov/ohio-revised-code/section-2951.08","57ad40b2da5eb0c5be87b93ae8e008031b197a7b7220029375674633dc7ff6cb","oh-probation-violation","","Resolve oh-probation-violation: retain a distinct supported scope, correct the citation, split, map to a source-first record, hold, or remove. A shared section or a similar name is not proof of equivalence.
Confirm the proposed charge's precise conduct scope, applicable exceptions, grading and incorporated definitions against the supplied full text before publication.
Determine which additional textual references affect this charge's claims: 5149.02, 2929.25, 2929.15, 2929.27, 2935.03, 2935.04. These are leads, not automatically required dependencies; record include/exclude decisions in the reference ledger.","Selected reference 5120.63 needs source acquisition","","",""
"3321.38","Prohibiting failure to send child to school","https://codes.ohio.gov/ohio-revised-code/section-3321.38","c3243f5437a70dd6c1a7ee6c6d190c9c40af992933e43ae8390c993e526decae","oh-truancy","","Resolve oh-truancy: retain a distinct supported scope, correct the citation, split, map to a source-first record, hold, or remove. A shared section or a similar name is not proof of equivalence.
Confirm the proposed charge's precise conduct scope, applicable exceptions, grading and incorporated definitions against the supplied full text before publication.
Determine which additional textual references affect this charge's claims: 3321.01, 3321.03, 3321.04, 3321.07, 3321.10, 3321.19, 3321.20, 3331.14, 2151.23, 2151.35, 2919.21, 2919.24, 2919.222, 4109.13. These are leads, not automatically required dependencies; record include/exclude decisions in the reference ledger.","","","",""
"3704.14","Enhanced motor vehicle inspection and maintenance program","https://codes.ohio.gov/ohio-revised-code/section-3704.14","f73dcd01d8d46695efe2f97a2cca2ef93f368acbb08e60d3e130268514885214","oh-expired-inspection","","Resolve oh-expired-inspection: retain a distinct supported scope, correct the citation, split, map to a source-first record, hold, or remove. A shared section or a similar name is not proof of equivalence.
Confirm the proposed charge's precise conduct scope, applicable exceptions, grading and incorporated definitions against the supplied full text before publication.
Determine which additional textual references affect this charge's claims: 4513.22. These are leads, not automatically required dependencies; record include/exclude decisions in the reference ledger.","","","",""
"3743.65","Possession, sale, and use restrictions","https://codes.ohio.gov/ohio-revised-code/section-3743.65","8fb4d32023db3edc1d1b7fc852e68fe1b8b1224fa606ae1b358ec71f26927284","oh-illegal-fireworks","","Resolve oh-illegal-fireworks: retain a distinct supported scope, correct the citation, split, map to a source-first record, hold, or remove. A shared section or a similar name is not proof of equivalence.
Confirm the proposed charge's precise conduct scope, applicable exceptions, grading and incorporated definitions against the supplied full text before publication.
Determine which additional textual references affect this charge's claims: 3743.02, 3743.08, 3743.48, 3743.15, 3743.21, 3743.40, 3743.27, 3743.44, 3743.45, 3743.50, 3743.55, 3743.80. These are leads, not automatically required dependencies; record include/exclude decisions in the reference ledger.","","","",""
"3767.32","Littering","https://codes.ohio.gov/ohio-revised-code/section-3767.32","6f0a1c7388468d5084d87e3a437daf5233863006dafb83c2a990fa2338123aab","oh-littering","","Resolve oh-littering: retain a distinct supported scope, correct the citation, split, map to a source-first record, hold, or remove. A shared section or a similar name is not proof of equivalence.
Confirm the proposed charge's precise conduct scope, applicable exceptions, grading and incorporated definitions against the supplied full text before publication.
Determine which additional textual references affect this charge's claims: 1531.13, 1501.24, 1503.09. These are leads, not automatically required dependencies; record include/exclude decisions in the reference ledger.","","","",""
"4301.62","Opened container of beer or intoxicating liquor prohibited at certain premises","https://codes.ohio.gov/ohio-revised-code/section-4301.62","a54daadcb234b1b03650956cbff623c2ce00bd1e94f4492b9ce288a6de9daf59","oh-open-container; oh-alcohol-in-park","","Resolve oh-open-container, oh-alcohol-in-park: retain a distinct supported scope, correct the citation, split, map to a source-first record, hold, or remove. A shared section or a similar name is not proof of equivalence.
Confirm the proposed charge's precise conduct scope, applicable exceptions, grading and incorporated definitions against the supplied full text before publication.
Determine which additional textual references affect this charge's claims: 4503.24, 4303.201, 4303.188, 4301.82, 4303.208, 4303.181, 4301.201. These are leads, not automatically required dependencies; record include/exclude decisions in the reference ledger.","","","",""
"4301.633","Furnishing false information to obtain beer or intoxicating liquor for person under twenty-one","https://codes.ohio.gov/ohio-revised-code/section-4301.633","18b36f1f13ebc41db3db5905ad79fbd98f766e3c5f705a4e959998bfaa5f2f50","oh-fake-id","","Resolve oh-fake-id: retain a distinct supported scope, correct the citation, split, map to a source-first record, hold, or remove. A shared section or a similar name is not proof of equivalence.
Confirm the proposed charge's precise conduct scope, applicable exceptions, grading and incorporated definitions against the supplied full text before publication.","","","",""
"4301.69","Underage persons offenses concerning","https://codes.ohio.gov/ohio-revised-code/section-4301.69","e45acf7da53ad6b0b08f45a4a0498d17a8fbc864dc4fc58776579da025f5f453","oh-minor-in-possession","","Resolve oh-minor-in-possession: retain a distinct supported scope, correct the citation, split, map to a source-first record, hold, or remove. A shared section or a similar name is not proof of equivalence.
Confirm the proposed charge's precise conduct scope, applicable exceptions, grading and incorporated definitions against the supplied full text before publication.
Determine which additional textual references affect this charge's claims: 4301.22, 2151.27, 2151.356, 2151.358, 2935.36, 2953.33, 4301.63, 4301.633, 4301.634. These are leads, not automatically required dependencies; record include/exclude decisions in the reference ledger.","","","",""
"4503.02","Levy of annual license tax","https://codes.ohio.gov/ohio-revised-code/section-4503.02","c0c1aaafff6e9bd8b870cb489d0860dd8cb7c5d42cc190479a9c63bf18999fe6","oh-unregistered-vehicle","","Resolve oh-unregistered-vehicle: retain a distinct supported scope, correct the citation, split, map to a source-first record, hold, or remove. A shared section or a similar name is not proof of equivalence.
Confirm the proposed charge's precise conduct scope, applicable exceptions, grading and incorporated definitions against the supplied full text before publication.
Determine which additional textual references affect this charge's claims: 5531.09, 5528.30, 5528.31, 4503.04, 4503.042, 4503.65. These are leads, not automatically required dependencies; record include/exclude decisions in the reference ledger.","","","",""
"4503.11","Owner required to file application - taxes","https://codes.ohio.gov/ohio-revised-code/section-4503.11","14d6a4d444b8a2570e606e975e88256601d83c2598a09eba6aec836b4198f266","oh-expired-registration; oh-unregistered-vehicle","a minor misdemeanor","Resolve oh-expired-registration, oh-unregistered-vehicle: retain a distinct supported scope, correct the citation, split, map to a source-first record, hold, or remove. A shared section or a similar name is not proof of equivalence.
Confirm the proposed charge's precise conduct scope, applicable exceptions, grading and incorporated definitions against the supplied full text before publication.
Determine which additional textual references affect this charge's claims: 4503.103, 4503.107, 4503.173, 4503.41, 4503.43, 4503.46, 4503.12, 4503.16, 4503.10, 4503.102, 4503.101, 4503.04. These are leads, not automatically required dependencies; record include/exclude decisions in the reference ledger.","","","",""
"4509.101","Operating of motor vehicle without proof of financial responsibility","https://codes.ohio.gov/ohio-revised-code/section-4509.101","ede00fe3b81f70b0159dafc4a4d9d2e4c27b86049036bae2498a5de8af8e65d9","oh-driving-without-insurance","","Resolve oh-driving-without-insurance: retain a distinct supported scope, correct the citation, split, map to a source-first record, hold, or remove. A shared section or a similar name is not proof of equivalence.
Confirm the proposed charge's precise conduct scope, applicable exceptions, grading and incorporated definitions against the supplied full text before publication.
Determine which additional textual references affect this charge's claims: 4510.02, 4510.10, 2323.311, 4509.06, 4510.52, 4509.44, 4509.65, 4509.37, 4513.02, 2921.13, 2935.01, 4501.06, 4503.20, 4507.212, 4509.81, 120.08, 4509.103, 4509.20, 4509.49, 4509.61, 4509.59, 4509.62, 4509.72, 4509.78. These are leads, not automatically required dependencies; record include/exclude decisions in the reference ledger.","","","",""
"4510.11","Driving under suspension or in violation of license restriction","https://codes.ohio.gov/ohio-revised-code/section-4510.11","169b66629a4d28a5d3c08cbb83b5adf312f770746662e4a1c460e7bc3dc2ab09","oh-driving-under-suspension","","Resolve oh-driving-under-suspension: retain a distinct supported scope, correct the citation, split, map to a source-first record, hold, or remove. A shared section or a similar name is not proof of equivalence.
Confirm the proposed charge's precise conduct scope, applicable exceptions, grading and incorporated definitions against the supplied full text before publication.
Determine which additional textual references affect this charge's claims: 4506.10, 4507.14, 4510.02, 4507.02, 4503.234. These are leads, not automatically required dependencies; record include/exclude decisions in the reference ledger.","","","",""
"4511.19","Operating vehicle under the influence of alcohol or drugs - OVI","https://codes.ohio.gov/ohio-revised-code/section-4511.19","144bfefd79506d5e81b83dec2dc823c2e1485afb17e3feaa597a30266c8d7572","oh-dui-first-offense; oh-dui-second-offense; oh-dui-third-offense; oh-ovi","operating a vehicle under the influence of alcohol; operating a vehicle after underage alcohol consumption","Resolve oh-dui-first-offense, oh-dui-second-offense, oh-dui-third-offense, oh-ovi: retain a distinct supported scope, correct the citation, split, map to a source-first record, hold, or remove. A shared section or a similar name is not proof of equivalence.
Confirm each quoted statutory offense's conduct subdivisions and applicable grading branches. Do not turn sentencing enhancements into separate offenses.
Determine which additional textual references affect this charge's claims: 4729.041, 4511.191, 4511.192, 3701.143, 2929.25, 4510.021, 4510.13, 5119.21, 4503.233, 4510.02, 2929.17, 4503.231, 2303.201, 1901.26, 1907.24, 120.08, 4301.30, 5119.22, 2923.16, 2937.46, 1.52. These are leads, not automatically required dependencies; record include/exclude decisions in the reference ledger.","Selected reference 5119.38 needs source acquisition","","",""
"4511.20","Operation in willful or wanton disregard of the safety of persons or property","https://codes.ohio.gov/ohio-revised-code/section-4511.20","76f5d37ace2ae5e17ada17166d587e2dd0d84a8132d6fae867fced8cd2869aa1","oh-reckless-driving; oh-reckless-driving-criminal","a minor misdemeanor","Resolve oh-reckless-driving, oh-reckless-driving-criminal: retain a distinct supported scope, correct the citation, split, map to a source-first record, hold, or remove. A shared section or a similar name is not proof of equivalence.
Confirm the proposed charge's precise conduct scope, applicable exceptions, grading and incorporated definitions against the supplied full text before publication.","","","",""
"4513.01","Traffic laws - equipment - load definitions","https://codes.ohio.gov/ohio-revised-code/section-4513.01","982916481a61c1e825d24d247689bcb1185c8065677f3f0a32b4c47ba2fd53d8","oh-defective-vehicle-equipment","","Resolve oh-defective-vehicle-equipment: retain a distinct supported scope, correct the citation, split, map to a source-first record, hold, or remove. A shared section or a similar name is not proof of equivalence.
Confirm the proposed charge's precise conduct scope, applicable exceptions, grading and incorporated definitions against the supplied full text before publication.
Determine which additional textual references affect this charge's claims: 4511.01. These are leads, not automatically required dependencies; record include/exclude decisions in the reference ledger.","","","",""
"4513.02","Unsafe vehicles","https://codes.ohio.gov/ohio-revised-code/section-4513.02","e399b76a2383f7459b5279156c8cf1f306e4170ea6a5f8368ea803e3a79a1e5c","oh-expired-inspection; oh-defective-vehicle-equipment","a minor misdemeanor","Resolve oh-expired-inspection, oh-defective-vehicle-equipment: retain a distinct supported scope, correct the citation, split, map to a source-first record, hold, or remove. A shared section or a similar name is not proof of equivalence.
Confirm the proposed charge's precise conduct scope, applicable exceptions, grading and incorporated definitions against the supplied full text before publication.
Determine which additional textual references affect this charge's claims: 119.01, 119.13, 4513.01, 4513.37. These are leads, not automatically required dependencies; record include/exclude decisions in the reference ledger.","","","",""
"4513.221","Local regulation of passenger car and motorcycle noise","https://codes.ohio.gov/ohio-revised-code/section-4513.221","b7468d1ff5a077edd8f652bd9d353c020ddc7bd6d71021429f3f86283160605b","oh-noise-violation","a minor misdemeanor","Resolve oh-noise-violation: retain a distinct supported scope, correct the citation, split, map to a source-first record, hold, or remove. A shared section or a similar name is not proof of equivalence.
Confirm the proposed charge's precise conduct scope, applicable exceptions, grading and incorporated definitions against the supplied full text before publication.
Determine which additional textual references affect this charge's claims: 505.17. These are leads, not automatically required dependencies; record include/exclude decisions in the reference ledger.","","","",""
"4549.02","Stopping after accident on public roads or highways","https://codes.ohio.gov/ohio-revised-code/section-4549.02","af1c6dcbf33bea3e8a65915ad7f73f692f752ddd4b46e7195c8e591c25cf9a35","oh-hit-and-run","failure to stop after an accident","Resolve oh-hit-and-run: retain a distinct supported scope, correct the citation, split, map to a source-first record, hold, or remove. A shared section or a similar name is not proof of equivalence.
Confirm the proposed charge's precise conduct scope, applicable exceptions, grading and incorporated definitions against the supplied full text before publication.
Determine which additional textual references affect this charge's claims: 4510.02. These are leads, not automatically required dependencies; record include/exclude decisions in the reference ledger.","","","",""
"5.01","Ohio state flag","https://codes.ohio.gov/ohio-revised-code/section-5.01","e2ece75e06a76057db1808e85115be8ed96254d893d60464827e65cd07383dc7","oh-criminal-attempt; oh-attempted-murder; oh-attempted-robbery; oh-attempted-sexual-assault","","Resolve oh-criminal-attempt, oh-attempted-murder, oh-attempted-robbery, oh-attempted-sexual-assault: retain a distinct supported scope, correct the citation, split, map to a source-first record, hold, or remove. A shared section or a similar name is not proof of equivalence.
Confirm the proposed charge's precise conduct scope, applicable exceptions, grading and incorporated definitions against the supplied full text before publication.","","","",""
"5.02","State flower","https://codes.ohio.gov/ohio-revised-code/section-5.02","7674ff6a81160f9e1e3f9568620f4b3fc10a51eda947074225b8f13646690032","oh-criminal-solicitation","","Resolve oh-criminal-solicitation: retain a distinct supported scope, correct the citation, split, map to a source-first record, hold, or remove. A shared section or a similar name is not proof of equivalence.
Confirm the proposed charge's precise conduct scope, applicable exceptions, grading and incorporated definitions against the supplied full text before publication.","","","",""
"5.03","State bird","https://codes.ohio.gov/ohio-revised-code/section-5.03","9f121f5470c1d2bc3be0621dbc742081a936a35c415169cab91025c935ee1c02","oh-conspiracy","","Resolve oh-conspiracy: retain a distinct supported scope, correct the citation, split, map to a source-first record, hold, or remove. A shared section or a similar name is not proof of equivalence.
Confirm the proposed charge's precise conduct scope, applicable exceptions, grading and incorporated definitions against the supplied full text before publication.","","","",""
"5747.18","Powers of tax commissioner","https://codes.ohio.gov/ohio-revised-code/section-5747.18","602648c1dac8aed134f2bd17af63b8c852ee83bd36eaf752a6490ce5f24e3c8f","oh-tax-fraud","","Resolve oh-tax-fraud: retain a distinct supported scope, correct the citation, split, map to a source-first record, hold, or remove. A shared section or a similar name is not proof of equivalence.
Confirm the proposed charge's precise conduct scope, applicable exceptions, grading and incorporated definitions against the supplied full text before publication.
Determine which additional textual references affect this charge's claims: 3125.43, 4123.271, 4123.591, 4141.163, 4141.28, 4507.023, 5101.182, 5703.21. These are leads, not automatically required dependencies; record include/exclude decisions in the reference ledger.","","","",""
"5747.19","Filing incomplete, false, and fraudulent returns","https://codes.ohio.gov/ohio-revised-code/section-5747.19","d6bc15b48f45e47f370960ec2c929384b66e8626c3dfcaf8194c0f8611a26a28","oh-tax-fraud","","Resolve oh-tax-fraud: retain a distinct supported scope, correct the citation, split, map to a source-first record, hold, or remove. A shared section or a similar name is not proof of equivalence.
Confirm the proposed charge's precise conduct scope, applicable exceptions, grading and incorporated definitions against the supplied full text before publication.","","","",""
"955.22","Vicious, dangerous, and nuisance dog acts","https://codes.ohio.gov/ohio-revised-code/section-955.22","0e7b01075f4ebb1b112f483ad5c586ab6dbdc916b1af22b9ba201801ad9a7d79","oh-animal-at-large","","Resolve oh-animal-at-large: retain a distinct supported scope, correct the citation, split, map to a source-first record, hold, or remove. A shared section or a similar name is not proof of equivalence.
Confirm the proposed charge's precise conduct scope, applicable exceptions, grading and incorporated definitions against the supplied full text before publication.
Determine which additional textual references affect this charge's claims: 955.11, 955.23, 955.24, 955.21. These are leads, not automatically required dependencies; record include/exclude decisions in the reference ledger.","Selected reference 956.01 needs source acquisition","","",""
"959.13","Cruelty to animals","https://codes.ohio.gov/ohio-revised-code/section-959.13","e46d5dcf414e43e705701967c2a260f8d9186ad44b554785c301800fc04be125","oh-animal-cruelty-misdemeanor","","Resolve oh-animal-cruelty-misdemeanor: retain a distinct supported scope, correct the citation, split, map to a source-first record, hold, or remove. A shared section or a similar name is not proof of equivalence.
Confirm the proposed charge's precise conduct scope, applicable exceptions, grading and incorporated definitions against the supplied full text before publication.","","","",""
