"queue_order","queue_group","record_id","legacy_label","proposed_name","statutory_scope","citation","source_url","existing_status","triage_reason","evidence_or_hold_reason","scope_specific_question","en_explanation","es_explanation","zh_explanation","recovered_authorities_pending_work","attorney_decision","attorney_notes","reviewer_name","review_date"
"1","new_selectable_recovered_batch_e","fl-fs-893-147-4-b-use-possession-manufacture-delivery-transportation-advertisement-or-retail-sale-of-drug-paraphernalia-specified-machines-and-materials","","Use, possession, manufacture, delivery, transportation, advertisement, or retail sale of drug paraphernalia, specified machines, and materials","893.147(4)(b)","Fla. Stat. § 893.147(4)(b)","https://www.leg.state.fl.us/statutes/index.cfm?App_mode=Display_Statute&URL=0800-0899/0893/Sections/0893.147.html","eligible","new_selectable_development_record_requires_attorney_review","The official section heading supplies exact statutory identity; subsection (4)'s parent supplies the conduct, knowledge, and transportation elements, paragraph (4)(b) supplies the narrow incorporated contraband alternative, and the common subsection tail supplies felony grading. Current § 932.701(2)(a)1. supports that alternative without projecting the rest of the contraband-article list.","Does record fl-fs-893-147-4-b-use-possession-manufacture-delivery-transportation-advertisement-or-retail-sale-of-drug-paraphernalia-specified-machines-and-materials accurately state the offense identity, conduct, grade, definitions, exceptions, and defenses at Fla. Stat. § 893.147(4)(b)? If not, specify an exact correction or other catalog action.","Using, possessing with intent to use, or manufacturing with intent to use drug paraphernalia, while knowing or under circumstances where one reasonably should know it will be used to transport a contraband article within § 932.701(2)(a)1.'s narcotics-related definition. Third-degree felony. This record is confined to § 932.701(2)(a)1.: a chapter 893 controlled substance, or a substance, device, paraphernalia, currency, or other means of exchange used, attempted to be used, or intended to be used in violation of chapter 893, when the state's facts clearly suffice to establish probable cause of a nexus between the seized article and narcotics activity. It does not include the other contraband-article categories in § 932.701(2)(a).","Usar, poseer con intención de usar o fabricar con intención de usar parafernalia de drogas, sabiendo o en circunstancias en que razonablemente debería saberse que se usará para transportar un bien de contrabando comprendido en la definición relacionada con narcóticos del § 932.701(2)(a)1. Delito grave de tercer grado. Este registro se limita al § 932.701(2)(a)1.: una sustancia controlada conforme al capítulo 893, o una sustancia, dispositivo, parafernalia, moneda u otro medio de intercambio usado, que se intentó usar o destinado a usarse en infracción del capítulo 893, cuando los hechos presentados por el estado sean claramente suficientes para establecer causa probable de un nexo entre el bien incautado y la actividad de narcóticos. No incluye las demás categorías de bienes de contrabando del § 932.701(2)(a).","使用、意图使用而持有，或意图使用而制造吸毒用具，同时明知或在理应知道的情形下，该用具将被用于运输第932.701(2)(a)1条涉毒定义范围内的违禁物品。 三级重罪。本记录仅限第932.701(2)(a)1条：第893章所定义的受管制物质，或已经、曾试图或意图用于违反第893章的物质、装置、用具、货币或其他交换手段，且州方提出的全部事实明确足以确立合理根据，相信被扣押物品与毒品活动之间存在关联。它不包括第932.701(2)(a)条中的其他违禁物品类别。","","","","",""
"2","new_selectable_batch_f","fl-fs-825-102-1-abuse-aggravated-abuse-and-neglect-of-an-elderly-person-or-disabled-adult-penalties","","Abuse, aggravated abuse, and neglect of an elderly person or disabled adult; penalties","825.102(1)","Fla. Stat. § 825.102(1)","https://www.leg.state.fl.us/statutes/index.cfm?App_mode=Display_Statute&URL=0800-0899/0825/Sections/0825.102.html","eligible","new_selectable_development_record_requires_attorney_review","The exact official heading supplies the statutory identity; subsection (1) supplies four abuse alternatives, the knowledge or willfulness requirement, the no-great-harm limitation, an express isolation defense, and the third-degree-felony grade.","Does record fl-fs-825-102-1-abuse-aggravated-abuse-and-neglect-of-an-elderly-person-or-disabled-adult-penalties accurately state the offense identity, conduct, grade, definitions, exceptions, and defenses at Fla. Stat. § 825.102(1)? If not, specify an exact correction or other catalog action.","Knowingly or willfully abusing an elderly person or disabled adult, without causing great bodily harm, permanent disability, or permanent disfigurement. Abuse includes intentionally inflicting injury, an intentional act reasonably expected to cause injury, actively encouraging such an act, or the specified intentional and unauthorized isolation or restriction of family access. Third-degree felony. For the isolation or family-access branch, it is a defense that the defendant reasonably believed the action was necessary to protect the person's welfare. Section 825.101 supplies the controlling definitions of elderly person and disabled adult.","Abusar a sabiendas o deliberadamente de una persona anciana o un adulto con discapacidad, sin causar gran daño corporal, discapacidad permanente ni desfiguración permanente. El abuso incluye infligir intencionalmente una lesión, realizar un acto intencional del que razonablemente se espere una lesión, alentar activamente tal acto, o el aislamiento o la restricción intencional y sin autoridad del acceso familiar en las circunstancias especificadas. Delito grave de tercer grado. Para la rama de aislamiento o restricción del acceso familiar, es defensa que el acusado creyera razonablemente que la medida era necesaria para proteger el bienestar de la persona. El § 825.101 contiene las definiciones aplicables de persona anciana y adulto con discapacidad.","明知或故意虐待老年人或残障成年人，但未造成严重身体伤害、永久残疾或永久毁容。虐待包括故意造成伤害、实施可合理预期导致伤害的故意行为、积极鼓励他人实施此类行为，或在法定情形下故意且无合法授权地隔离该人或限制其与家人接触。 三级重罪。对于隔离或限制家人接触的分支，被告有合理理由相信该行为为保护该人的福祉所必要，属于一项抗辩。第825.101条规定了老年人和残障成年人的适用定义。","","","","",""
"3","new_selectable_batch_f","fl-fs-825-102-2-abuse-aggravated-abuse-and-neglect-of-an-elderly-person-or-disabled-adult-penalties","","Abuse, aggravated abuse, and neglect of an elderly person or disabled adult; penalties","825.102(2)","Fla. Stat. § 825.102(2)","https://www.leg.state.fl.us/statutes/index.cfm?App_mode=Display_Statute&URL=0800-0899/0825/Sections/0825.102.html","eligible","new_selectable_development_record_requires_attorney_review","The exact official heading supplies the statutory identity; subsection (2) supplies three aggravated-abuse alternatives and the first-degree-felony grade, with the incorporated aggravated-battery branch bound to current §§ 784.03 and 784.045.","Does record fl-fs-825-102-2-abuse-aggravated-abuse-and-neglect-of-an-elderly-person-or-disabled-adult-penalties accurately state the offense identity, conduct, grade, definitions, exceptions, and defenses at Fla. Stat. § 825.102(2)? If not, specify an exact correction or other catalog action.","Committing aggravated abuse of an elderly person or disabled adult by committing aggravated battery on the person; willfully torturing, maliciously punishing, or willfully and unlawfully caging the person; or knowingly or willfully abusing the person and thereby causing great bodily harm, permanent disability, or permanent disfigurement. First-degree felony. Section 825.101 defines elderly person and disabled adult. Sections 784.03 and 784.045 together supply the incorporated battery and aggravated-battery elements.","Cometer abuso agravado de una persona anciana o un adulto con discapacidad mediante agresión física agravada contra la persona; torturarla deliberadamente, castigarla maliciosamente o enjaularla deliberada e ilícitamente; o abusar de ella a sabiendas o deliberadamente y causar así gran daño corporal, discapacidad permanente o desfiguración permanente. Delito grave de primer grado. El § 825.101 define persona anciana y adulto con discapacidad. Los §§ 784.03 y 784.045 contienen conjuntamente los elementos incorporados de la agresión física y la agresión física agravada.","通过以下方式加重虐待老年人或残障成年人：对其实施加重殴打；故意折磨、恶意惩罚或故意且非法地将其关入笼中；或者明知或故意虐待并由此造成严重身体伤害、永久残疾或永久毁容。 一级重罪。第825.101条界定老年人及残障成年人。第784.03条与第784.045条共同规定所纳入的殴打及加重殴打要件。","","","","",""
"4","new_selectable_batch_f","fl-fs-825-102-3-b-abuse-aggravated-abuse-and-neglect-of-an-elderly-person-or-disabled-adult-penalties","","Abuse, aggravated abuse, and neglect of an elderly person or disabled adult; penalties","825.102(3)(b)","Fla. Stat. § 825.102(3)(b)","https://www.leg.state.fl.us/statutes/index.cfm?App_mode=Display_Statute&URL=0800-0899/0825/Sections/0825.102.html","eligible","new_selectable_development_record_requires_attorney_review","The exact official heading supplies the statutory identity; paragraph (3)(b) supplies willful-or-culpably-negligent neglect, the resulting-harm element, and the second-degree-felony grade.","Does record fl-fs-825-102-3-b-abuse-aggravated-abuse-and-neglect-of-an-elderly-person-or-disabled-adult-penalties accurately state the offense identity, conduct, grade, definitions, exceptions, and defenses at Fla. Stat. § 825.102(3)(b)? If not, specify an exact correction or other catalog action.","Willfully or by culpable negligence neglecting an elderly person or disabled adult and thereby causing great bodily harm, permanent disability, or permanent disfigurement. Second-degree felony. Subsection (3)(a) defines neglect, including specified caregiver failures and the required injury or substantial-risk threshold; § 825.101 defines caregiver, elderly person, and disabled adult.","Descuidar deliberadamente o por negligencia culpable a una persona anciana o un adulto con discapacidad y causar así gran daño corporal, discapacidad permanente o desfiguración permanente. Delito grave de segundo grado. El inciso (3)(a) define la negligencia, incluidas las omisiones especificadas del cuidador y el umbral exigido de lesión o riesgo sustancial; el § 825.101 define cuidador, persona anciana y adulto con discapacidad.","故意或因有罪过的过失疏忽照料老年人或残障成年人，并由此造成严重身体伤害、永久残疾或永久毁容。 二级重罪。第(3)(a)款界定疏忽照料，包括法定照护者失职以及所要求的伤害或重大风险门槛；第825.101条界定照护者、老年人及残障成年人。","","","","",""
"5","new_selectable_batch_f","fl-fs-825-102-3-c-abuse-aggravated-abuse-and-neglect-of-an-elderly-person-or-disabled-adult-penalties","","Abuse, aggravated abuse, and neglect of an elderly person or disabled adult; penalties","825.102(3)(c)","Fla. Stat. § 825.102(3)(c)","https://www.leg.state.fl.us/statutes/index.cfm?App_mode=Display_Statute&URL=0800-0899/0825/Sections/0825.102.html","eligible","new_selectable_development_record_requires_attorney_review","The exact official heading supplies the statutory identity; paragraph (3)(c) supplies willful-or-culpably-negligent neglect, the no-great-harm limitation, and the third-degree-felony grade.","Does record fl-fs-825-102-3-c-abuse-aggravated-abuse-and-neglect-of-an-elderly-person-or-disabled-adult-penalties accurately state the offense identity, conduct, grade, definitions, exceptions, and defenses at Fla. Stat. § 825.102(3)(c)? If not, specify an exact correction or other catalog action.","Willfully or by culpable negligence neglecting an elderly person or disabled adult without causing great bodily harm, permanent disability, or permanent disfigurement. Third-degree felony. Subsection (3)(a) defines neglect, including specified caregiver failures and the required injury or substantial-risk threshold; § 825.101 defines caregiver, elderly person, and disabled adult.","Descuidar deliberadamente o por negligencia culpable a una persona anciana o un adulto con discapacidad sin causar gran daño corporal, discapacidad permanente ni desfiguración permanente. Delito grave de tercer grado. El inciso (3)(a) define la negligencia, incluidas las omisiones especificadas del cuidador y el umbral exigido de lesión o riesgo sustancial; el § 825.101 define cuidador, persona anciana y adulto con discapacidad.","故意或因有罪过的过失疏忽照料老年人或残障成年人，但未造成严重身体伤害、永久残疾或永久毁容。 三级重罪。第(3)(a)款界定疏忽照料，包括法定照护者失职以及所要求的伤害或重大风险门槛；第825.101条界定照护者、老年人及残障成年人。","","","","",""
"6","new_selectable_batch_f","fl-fs-827-03-2-a-abuse-aggravated-abuse-and-neglect-of-a-child-penalties","","Abuse, aggravated abuse, and neglect of a child; penalties","827.03(2)(a)","Fla. Stat. § 827.03(2)(a)","https://www.leg.state.fl.us/statutes/index.cfm?App_mode=Display_Statute&URL=0800-0899/0827/Sections/0827.03.html","eligible","new_selectable_development_record_requires_attorney_review","The exact official heading supplies statutory identity; paragraph (2)(a) expressly criminalizes aggravated child abuse and states the first-degree-felony grade, while subsection (1)(a) and current §§ 784.03 and 784.045 close the definition and incorporated aggravated-battery branch.","Does record fl-fs-827-03-2-a-abuse-aggravated-abuse-and-neglect-of-a-child-penalties accurately state the offense identity, conduct, grade, definitions, exceptions, and defenses at Fla. Stat. § 827.03(2)(a)? If not, specify an exact correction or other catalog action.","Committing aggravated child abuse by committing aggravated battery on a child; willfully torturing, maliciously punishing, or willfully and unlawfully caging a child; or knowingly or willfully abusing a child and thereby causing great bodily harm, permanent disability, or permanent disfigurement. First-degree felony. Subsection (1)(a) supplies the complete aggravated-child-abuse definition, and § 827.01 defines child as a person under 18. Sections 784.03 and 784.045 together supply the incorporated battery and aggravated-battery elements.","Cometer abuso infantil agravado mediante agresión física agravada contra un menor; torturarlo deliberadamente, castigarlo maliciosamente o enjaularlo deliberada e ilícitamente; o abusar del menor a sabiendas o deliberadamente y causar así gran daño corporal, discapacidad permanente o desfiguración permanente. Delito grave de primer grado. El inciso (1)(a) contiene la definición completa de abuso infantil agravado y el § 827.01 define menor como una persona de menos de 18 años. Los §§ 784.03 y 784.045 contienen conjuntamente los elementos incorporados de la agresión física y la agresión física agravada.","通过以下方式实施加重虐待儿童：对儿童实施加重殴打；故意折磨、恶意惩罚或故意且非法地将儿童关入笼中；或者明知或故意虐待儿童并由此造成严重身体伤害、永久残疾或永久毁容。 一级重罪。第(1)(a)款规定加重虐待儿童的完整定义，第827.01条将儿童界定为未满18岁者。第784.03条与第784.045条共同规定所纳入的殴打及加重殴打要件。","","","","",""
"7","new_selectable_batch_f","fl-fs-827-03-2-b-abuse-aggravated-abuse-and-neglect-of-a-child-penalties","","Abuse, aggravated abuse, and neglect of a child; penalties","827.03(2)(b)","Fla. Stat. § 827.03(2)(b)","https://www.leg.state.fl.us/statutes/index.cfm?App_mode=Display_Statute&URL=0800-0899/0827/Sections/0827.03.html","eligible","new_selectable_development_record_requires_attorney_review","The exact official heading supplies statutory identity; paragraph (2)(b) supplies willful-or-culpably-negligent neglect, resulting great harm, and the second-degree-felony grade, with the complete neglect definition retained as a same-section dependency.","Does record fl-fs-827-03-2-b-abuse-aggravated-abuse-and-neglect-of-a-child-penalties accurately state the offense identity, conduct, grade, definitions, exceptions, and defenses at Fla. Stat. § 827.03(2)(b)? If not, specify an exact correction or other catalog action.","Willfully or by culpable negligence neglecting a child and thereby causing great bodily harm, permanent disability, or permanent disfigurement. Second-degree felony. Subsection (1)(e) defines neglect and preserves the independent-activity limitation; § 827.01 defines child and caregiver.","Descuidar deliberadamente o por negligencia culpable a un menor y causar así gran daño corporal, discapacidad permanente o desfiguración permanente. Delito grave de segundo grado. El inciso (1)(e) define la negligencia y conserva la limitación relativa a las actividades independientes; el § 827.01 define menor y cuidador.","故意或因有罪过的过失疏忽照料儿童，并由此造成严重身体伤害、永久残疾或永久毁容。 二级重罪。第(1)(e)款界定疏忽照料并保留关于儿童独立活动的限制；第827.01条界定儿童及照护者。","","","","",""
"8","new_selectable_batch_f","fl-fs-827-03-2-c-abuse-aggravated-abuse-and-neglect-of-a-child-penalties","","Abuse, aggravated abuse, and neglect of a child; penalties","827.03(2)(c)","Fla. Stat. § 827.03(2)(c)","https://www.leg.state.fl.us/statutes/index.cfm?App_mode=Display_Statute&URL=0800-0899/0827/Sections/0827.03.html","eligible","new_selectable_development_record_requires_attorney_review","The exact official heading supplies statutory identity; paragraph (2)(c) supplies knowing-or-willful abuse, the no-great-harm limitation, and the third-degree-felony grade, with the complete abuse definition retained as a same-section dependency.","Does record fl-fs-827-03-2-c-abuse-aggravated-abuse-and-neglect-of-a-child-penalties accurately state the offense identity, conduct, grade, definitions, exceptions, and defenses at Fla. Stat. § 827.03(2)(c)? If not, specify an exact correction or other catalog action.","Knowingly or willfully abusing a child without causing great bodily harm, permanent disability, or permanent disfigurement. Third-degree felony. Subsection (1)(b) defines child abuse as intentional injury, an intentional act reasonably expected to cause injury, or active encouragement of an act that causes or could reasonably be expected to cause injury; § 827.01 defines child.","Abusar a sabiendas o deliberadamente de un menor sin causar gran daño corporal, discapacidad permanente ni desfiguración permanente. Delito grave de tercer grado. El inciso (1)(b) define el abuso infantil como lesión intencional, un acto intencional del que razonablemente se espere una lesión, o el aliento activo de un acto que cause o pueda razonablemente esperarse que cause una lesión; el § 827.01 define menor.","明知或故意虐待儿童，但未造成严重身体伤害、永久残疾或永久毁容。 三级重罪。第(1)(b)款将虐待儿童界定为故意造成伤害、实施可合理预期导致伤害的故意行为，或积极鼓励实施造成或可合理预期造成伤害的行为；第827.01条界定儿童。","","","","",""
"9","new_selectable_batch_f","fl-fs-827-03-2-d-abuse-aggravated-abuse-and-neglect-of-a-child-penalties","","Abuse, aggravated abuse, and neglect of a child; penalties","827.03(2)(d)","Fla. Stat. § 827.03(2)(d)","https://www.leg.state.fl.us/statutes/index.cfm?App_mode=Display_Statute&URL=0800-0899/0827/Sections/0827.03.html","eligible","new_selectable_development_record_requires_attorney_review","The exact official heading supplies statutory identity; paragraph (2)(d) supplies willful-or-culpably-negligent neglect, the no-great-harm limitation, and the third-degree-felony grade, with the complete neglect definition retained as a same-section dependency.","Does record fl-fs-827-03-2-d-abuse-aggravated-abuse-and-neglect-of-a-child-penalties accurately state the offense identity, conduct, grade, definitions, exceptions, and defenses at Fla. Stat. § 827.03(2)(d)? If not, specify an exact correction or other catalog action.","Willfully or by culpable negligence neglecting a child without causing great bodily harm, permanent disability, or permanent disfigurement. Third-degree felony. Subsection (1)(e) defines neglect and preserves the independent-activity limitation; § 827.01 defines child and caregiver.","Descuidar deliberadamente o por negligencia culpable a un menor sin causar gran daño corporal, discapacidad permanente ni desfiguración permanente. Delito grave de tercer grado. El inciso (1)(e) define la negligencia y conserva la limitación relativa a las actividades independientes; el § 827.01 define menor y cuidador.","故意或因有罪过的过失疏忽照料儿童，但未造成严重身体伤害、永久残疾或永久毁容。 三级重罪。第(1)(e)款界定疏忽照料并保留关于儿童独立活动的限制；第827.01条界定儿童及照护者。","","","","",""
"10","new_selectable_batch_f","fl-fs-827-04-3-contributing-to-the-delinquency-or-dependency-of-a-child-penalty","","Contributing to the delinquency or dependency of a child; penalty","827.04(3)","Fla. Stat. § 827.04(3)","https://www.leg.state.fl.us/statutes/index.cfm?App_mode=Display_Statute&URL=0800-0899/0827/Sections/0827.04.html","eligible","new_selectable_development_record_requires_attorney_review","The exact official heading supplies statutory identity; subsection (3) independently states the actor and victim ages, impregnation conduct, third-degree-felony grade, separate-prosecution rule, and unavailable defenses.","Does record fl-fs-827-04-3-contributing-to-the-delinquency-or-dependency-of-a-child-penalty accurately state the offense identity, conduct, grade, definitions, exceptions, and defenses at Fla. Stat. § 827.04(3)? If not, specify an exact correction or other catalog action.","A person age 21 or older impregnating a child under age 16. Third-degree felony. The offense applies regardless of whether the person is found to have committed, charged with, or prosecuted for another offense in the same criminal transaction or episode. The victim's lack of chastity and consent are not defenses.","Una persona de 21 años o más que embaraza a una menor de 16 años. Delito grave de tercer grado. El delito se aplica independientemente de que la persona sea declarada autora, acusada o procesada por otro delito en la misma transacción o episodio penal. Ni la falta de castidad ni el consentimiento de la víctima constituyen defensa.","年满21岁者使未满16岁的儿童怀孕。 三级重罪。无论该人是否因同一犯罪交易或事件中的其他罪行被认定有罪、受到指控或被起诉，本罪均适用。受害者并非贞洁或曾表示同意均不构成抗辩。","","","","",""
"11","legacy_hold","fl-voluntary-manslaughter","Voluntary Manslaughter","","782.07(1)","Fla. Stat. § 782.07(1)","https://www.leg.state.fl.us/statutes/index.cfm?App_mode=Display_Statute&URL=0700-0799/0782/Sections/0782.07.html","require_exact_reselection","exact_citation_or_subdivision_mismatch","The catalog code does not exactly support every cited Florida statutory section and subdivision.","For Fla. Stat. § 782.07(1), should record fl-voluntary-manslaughter be corrected to an exact reviewed subdivision, split into multiple records, or removed? Supply the exact citation(s) and action.","","","","","","","",""
"12","legacy_hold","fl-involuntary-manslaughter","Involuntary Manslaughter","","782.07(1)","Fla. Stat. § 782.07(1)","https://www.leg.state.fl.us/statutes/index.cfm?App_mode=Display_Statute&URL=0700-0799/0782/Sections/0782.07.html","require_exact_reselection","exact_citation_or_subdivision_mismatch","The catalog code does not exactly support every cited Florida statutory section and subdivision.","For Fla. Stat. § 782.07(1), should record fl-involuntary-manslaughter be corrected to an exact reviewed subdivision, split into multiple records, or removed? Supply the exact citation(s) and action.","","","","","","","",""
"13","legacy_hold","fl-criminally-negligent-homicide","Criminally Negligent Homicide","Manslaughter; aggravated manslaughter of an elderly person or disabled adult; aggravated manslaughter of a child; aggravated manslaughter of an officer, a firefighter, an emergency medical technician, or a paramedic","782.07","Fla. Stat. § 782.07","https://www.leg.state.fl.us/statutes/index.cfm?App_mode=Display_Statute&URL=0700-0799/0782/Sections/0782.07.html","require_exact_reselection","label_to_official_title_identity_unresolved","The official Florida title ""Manslaughter; aggravated manslaughter of an elderly person or disabled adult; aggravated manslaughter of a child; aggravated manslaughter of an officer, a firefighter, an emergency medical technician, or a paramedic"" is not an exact or explicitly reviewed mapping for the catalog label.","Does the official provision at Fla. Stat. § 782.07 support the legacy label “Criminally Negligent Homicide” at this exact scope? If not, choose correct, split, reclassify, deduplicate, or remove and state the exact mapping.","","","","","","","",""
"14","legacy_hold","fl-felony-murder","Felony Murder","","782.04(1)(a)2","Fla. Stat. § 782.04(1)(a)2","https://www.leg.state.fl.us/statutes/index.cfm?App_mode=Display_Statute&URL=0700-0799/0782/Sections/0782.04.html","require_exact_reselection","exact_citation_or_subdivision_mismatch","The catalog code does not exactly support every cited Florida statutory section and subdivision.","For Fla. Stat. § 782.04(1)(a)2, should record fl-felony-murder be corrected to an exact reviewed subdivision, split into multiple records, or removed? Supply the exact citation(s) and action.","","","","","","","",""
"15","legacy_hold","fl-assault-on-peace-officer","Assault on Peace Officer","Assault or battery of law enforcement officers and other specified personnel; reclassification of offenses; minimum sentences","784.07","Fla. Stat. § 784.07","https://www.leg.state.fl.us/statutes/index.cfm?App_mode=Display_Statute&URL=0700-0799/0784/Sections/0784.07.html","require_exact_reselection","label_to_official_title_identity_unresolved","The official Florida title ""Assault or battery of law enforcement officers and other specified personnel; reclassification of offenses; minimum sentences"" is not an exact or explicitly reviewed mapping for the catalog label.","Does the official provision at Fla. Stat. § 784.07 support the legacy label “Assault on Peace Officer” at this exact scope? If not, choose correct, split, reclassify, deduplicate, or remove and state the exact mapping.","","","","","","","",""
"16","legacy_hold","fl-menacing","Menacing","Assault","784.011","Fla. Stat. § 784.011","https://www.leg.state.fl.us/statutes/index.cfm?App_mode=Display_Statute&URL=0700-0799/0784/Sections/0784.011.html","require_exact_reselection","label_to_official_title_identity_unresolved","The official Florida title ""Assault"" is not an exact or explicitly reviewed mapping for the catalog label.","Does the official provision at Fla. Stat. § 784.011 support the legacy label “Menacing” at this exact scope? If not, choose correct, split, reclassify, deduplicate, or remove and state the exact mapping.","","","","","","","",""
"17","legacy_hold","fl-sexual-assault-in-the-second-degree","Sexual Battery (by Force)","","794.011(4)","Fla. Stat. § 794.011(4)","https://www.leg.state.fl.us/statutes/index.cfm?App_mode=Display_Statute&URL=0700-0799/0794/Sections/0794.011.html","require_exact_reselection","exact_citation_or_subdivision_mismatch","The catalog code does not exactly support every cited Florida statutory section and subdivision.","For Fla. Stat. § 794.011(4), should record fl-sexual-assault-in-the-second-degree be corrected to an exact reviewed subdivision, split into multiple records, or removed? Supply the exact citation(s) and action.","","","","","","","",""
"18","legacy_hold","fl-child-sexual-abuse","Child Sexual Abuse","Lewd or lascivious offenses committed upon or in the presence of persons less than 16 years of age","800.04","Fla. Stat. § 800.04","https://www.leg.state.fl.us/statutes/index.cfm?App_mode=Display_Statute&URL=0800-0899/0800/Sections/0800.04.html","require_exact_reselection","label_to_official_title_identity_unresolved","The official Florida title ""Lewd or lascivious offenses committed upon or in the presence of persons less than 16 years of age"" is not an exact or explicitly reviewed mapping for the catalog label.","Does the official provision at Fla. Stat. § 800.04 support the legacy label “Child Sexual Abuse” at this exact scope? If not, choose correct, split, reclassify, deduplicate, or remove and state the exact mapping.","","","","","","","",""
"19","legacy_hold","fl-sexual-exploitation-of-minor","Sexual Exploitation of Minor","Sexual performance by a child; child sexual abuse material; penalties","827.071","Fla. Stat. § 827.071","https://www.leg.state.fl.us/statutes/index.cfm?App_mode=Display_Statute&URL=0800-0899/0827/Sections/0827.071.html","require_exact_reselection","label_to_official_title_identity_unresolved","The official Florida title ""Sexual performance by a child; child sexual abuse material; penalties"" is not an exact or explicitly reviewed mapping for the catalog label.","Does the official provision at Fla. Stat. § 827.071 support the legacy label “Sexual Exploitation of Minor” at this exact scope? If not, choose correct, split, reclassify, deduplicate, or remove and state the exact mapping.","","","","","","","",""
"20","legacy_hold","fl-petty-theft","Petty Theft","Theft","812.014","Fla. Stat. § 812.014","https://www.leg.state.fl.us/statutes/index.cfm?App_mode=Display_Statute&URL=0800-0899/0812/Sections/0812.014.html","require_exact_reselection","label_to_official_title_identity_unresolved","The official Florida title ""Theft"" is not an exact or explicitly reviewed mapping for the catalog label.","Does the official provision at Fla. Stat. § 812.014 support the legacy label “Petty Theft” at this exact scope? If not, choose correct, split, reclassify, deduplicate, or remove and state the exact mapping.","","","","","","","",""
"21","legacy_hold","fl-theft-by-receiving","Theft by Receiving","Dealing in stolen property","812.019","Fla. Stat. § 812.019","https://www.leg.state.fl.us/statutes/index.cfm?App_mode=Display_Statute&URL=0800-0899/0812/Sections/0812.019.html","require_exact_reselection","label_to_official_title_identity_unresolved","The official Florida title ""Dealing in stolen property"" is not an exact or explicitly reviewed mapping for the catalog label.","Does the official provision at Fla. Stat. § 812.019 support the legacy label “Theft by Receiving” at this exact scope? If not, choose correct, split, reclassify, deduplicate, or remove and state the exact mapping.","","","","","","","",""
"22","legacy_hold","fl-identity-theft","Identity Theft","Criminal use of personal identification information","817.568","Fla. Stat. § 817.568","https://www.leg.state.fl.us/statutes/index.cfm?App_mode=Display_Statute&URL=0800-0899/0817/Sections/0817.568.html","require_exact_reselection","label_to_official_title_identity_unresolved","The official Florida title ""Criminal use of personal identification information"" is not an exact or explicitly reviewed mapping for the catalog label.","Does the official provision at Fla. Stat. § 817.568 support the legacy label “Identity Theft” at this exact scope? If not, choose correct, split, reclassify, deduplicate, or remove and state the exact mapping.","","","","","","","",""
"23","legacy_hold","fl-credit-card-fraud","Credit Card Fraud","Fraudulent use of credit cards","817.61","Fla. Stat. § 817.61","https://www.leg.state.fl.us/statutes/index.cfm?App_mode=Display_Statute&URL=0800-0899/0817/Sections/0817.61.html","require_exact_reselection","label_to_official_title_identity_unresolved","The official Florida title ""Fraudulent use of credit cards"" is not an exact or explicitly reviewed mapping for the catalog label.","Does the official provision at Fla. Stat. § 817.61 support the legacy label “Credit Card Fraud” at this exact scope? If not, choose correct, split, reclassify, deduplicate, or remove and state the exact mapping.","","","","","","","",""
"24","legacy_hold","fl-embezzlement","Embezzlement","Theft","812.014(2)","Fla. Stat. § 812.014(2)","https://www.leg.state.fl.us/statutes/index.cfm?App_mode=Display_Statute&URL=0800-0899/0812/Sections/0812.014.html","require_exact_reselection","label_to_official_title_identity_unresolved","The official Florida title ""Theft"" is not an exact or explicitly reviewed mapping for the catalog label.","Does the official provision at Fla. Stat. § 812.014(2) support the legacy label “Embezzlement” at this exact scope? If not, choose correct, split, reclassify, deduplicate, or remove and state the exact mapping.","","","","","","","",""
"25","legacy_hold","fl-shoplifting","Shoplifting","Retail and farm theft; transit fare evasion; mandatory fine; alternative punishment; detention and arrest; exemption from liability for false arrest; resisting arrest; penalties","812.015","Fla. Stat. § 812.015","https://www.leg.state.fl.us/statutes/index.cfm?App_mode=Display_Statute&URL=0800-0899/0812/Sections/0812.015.html","require_exact_reselection","label_to_official_title_identity_unresolved","The official Florida title ""Retail and farm theft; transit fare evasion; mandatory fine; alternative punishment; detention and arrest; exemption from liability for false arrest; resisting arrest; penalties"" is not an exact or explicitly reviewed mapping for the catalog label.","Does the official provision at Fla. Stat. § 812.015 support the legacy label “Shoplifting” at this exact scope? If not, choose correct, split, reclassify, deduplicate, or remove and state the exact mapping.","","","","","","","",""
"26","legacy_hold","fl-residential-burglary","Residential Burglary","","810.02(2)","Fla. Stat. § 810.02(2)","https://www.leg.state.fl.us/statutes/index.cfm?App_mode=Display_Statute&URL=0800-0899/0810/Sections/0810.02.html","require_exact_reselection","exact_citation_or_subdivision_mismatch","The catalog code does not exactly support every cited Florida statutory section and subdivision.","For Fla. Stat. § 810.02(2), should record fl-residential-burglary be corrected to an exact reviewed subdivision, split into multiple records, or removed? Supply the exact citation(s) and action.","","","","","","","",""
"27","legacy_hold","fl-commercial-burglary","Commercial Burglary","","810.02(3)","Fla. Stat. § 810.02(3)","https://www.leg.state.fl.us/statutes/index.cfm?App_mode=Display_Statute&URL=0800-0899/0810/Sections/0810.02.html","require_exact_reselection","exact_citation_or_subdivision_mismatch","The catalog code does not exactly support every cited Florida statutory section and subdivision.","For Fla. Stat. § 810.02(3), should record fl-commercial-burglary be corrected to an exact reviewed subdivision, split into multiple records, or removed? Supply the exact citation(s) and action.","","","","","","","",""
"28","legacy_hold","fl-auto-burglary","Auto Burglary","","810.02(4)","Fla. Stat. § 810.02(4)","https://www.leg.state.fl.us/statutes/index.cfm?App_mode=Display_Statute&URL=0800-0899/0810/Sections/0810.02.html","require_exact_reselection","exact_citation_or_subdivision_mismatch","The catalog code does not exactly support every cited Florida statutory section and subdivision.","For Fla. Stat. § 810.02(4), should record fl-auto-burglary be corrected to an exact reviewed subdivision, split into multiple records, or removed? Supply the exact citation(s) and action.","","","","","","","",""
"29","legacy_hold","fl-bank-robbery","Bank Robbery","","18 U.S.C. § 2113","Fla. Stat. § 18 U.S.C. § 2113","","require_exact_reselection","exact_citation_or_subdivision_mismatch","The catalog code does not exactly support every cited Florida statutory section and subdivision.","For Fla. Stat. § 18 U.S.C. § 2113, should record fl-bank-robbery be corrected to an exact reviewed subdivision, split into multiple records, or removed? Supply the exact citation(s) and action.","","","","","","","",""
"30","legacy_hold","fl-possession-of-controlled-substance","Possession of Controlled Substance","","893.13(6)","Fla. Stat. § 893.13(6)","https://www.leg.state.fl.us/statutes/index.cfm?App_mode=Display_Statute&URL=0800-0899/0893/Sections/0893.13.html","require_exact_reselection","exact_citation_or_subdivision_mismatch","The catalog code does not exactly support every cited Florida statutory section and subdivision.","For Fla. Stat. § 893.13(6), should record fl-possession-of-controlled-substance be corrected to an exact reviewed subdivision, split into multiple records, or removed? Supply the exact citation(s) and action.","","","","","","","",""
"31","legacy_hold","fl-possession-with-intent-to-distribute","Possession with Intent to Distribute","Prohibited acts; penalties","893.13(1)(a)","Fla. Stat. § 893.13(1)(a)","https://www.leg.state.fl.us/statutes/index.cfm?App_mode=Display_Statute&URL=0800-0899/0893/Sections/0893.13.html","require_exact_reselection","label_to_official_title_identity_unresolved","The official Florida title ""Prohibited acts; penalties"" is not an exact or explicitly reviewed mapping for the catalog label.","Does the official provision at Fla. Stat. § 893.13(1)(a) support the legacy label “Possession with Intent to Distribute” at this exact scope? If not, choose correct, split, reclassify, deduplicate, or remove and state the exact mapping.","","","","","","","",""
"32","legacy_hold","fl-distribution-of-controlled-substance","Distribution of Controlled Substance","","893.13(1)(a)","Fla. Stat. § 893.13(1)(a)","https://www.leg.state.fl.us/statutes/index.cfm?App_mode=Display_Statute&URL=0800-0899/0893/Sections/0893.13.html","require_exact_reselection","exact_citation_or_subdivision_mismatch","The catalog code does not exactly support every cited Florida statutory section and subdivision.","For Fla. Stat. § 893.13(1)(a), should record fl-distribution-of-controlled-substance be corrected to an exact reviewed subdivision, split into multiple records, or removed? Supply the exact citation(s) and action.","","","","","","","",""
"33","legacy_hold","fl-manufacturing-controlled-substance","Manufacturing Controlled Substance","Prohibited acts; penalties","893.13(1)(a)","Fla. Stat. § 893.13(1)(a)","https://www.leg.state.fl.us/statutes/index.cfm?App_mode=Display_Statute&URL=0800-0899/0893/Sections/0893.13.html","require_exact_reselection","label_to_official_title_identity_unresolved","The official Florida title ""Prohibited acts; penalties"" is not an exact or explicitly reviewed mapping for the catalog label.","Does the official provision at Fla. Stat. § 893.13(1)(a) support the legacy label “Manufacturing Controlled Substance” at this exact scope? If not, choose correct, split, reclassify, deduplicate, or remove and state the exact mapping.","","","","","","","",""
"34","legacy_hold","fl-drug-trafficking","Drug Trafficking","Trafficking; mandatory sentences; suspension or reduction of sentences; conspiracy to engage in trafficking","893.135","Fla. Stat. § 893.135","https://www.leg.state.fl.us/statutes/index.cfm?App_mode=Display_Statute&URL=0800-0899/0893/Sections/0893.135.html","require_exact_reselection","label_to_official_title_identity_unresolved","The official Florida title ""Trafficking; mandatory sentences; suspension or reduction of sentences; conspiracy to engage in trafficking"" is not an exact or explicitly reviewed mapping for the catalog label.","Does the official provision at Fla. Stat. § 893.135 support the legacy label “Drug Trafficking” at this exact scope? If not, choose correct, split, reclassify, deduplicate, or remove and state the exact mapping.","","","","","","","",""
"35","legacy_hold","fl-possession-of-drug-paraphernalia","Possession of Drug Paraphernalia","Use, possession, manufacture, delivery, transportation, advertisement, or retail sale of drug paraphernalia, specified machines, and materials","893.147(1)","Fla. Stat. § 893.147(1)","https://www.leg.state.fl.us/statutes/index.cfm?App_mode=Display_Statute&URL=0800-0899/0893/Sections/0893.147.html","require_exact_reselection","label_to_official_title_identity_unresolved","The official Florida title ""Use, possession, manufacture, delivery, transportation, advertisement, or retail sale of drug paraphernalia, specified machines, and materials"" is not an exact or explicitly reviewed mapping for the catalog label.","Does the official provision at Fla. Stat. § 893.147(1) support the legacy label “Possession of Drug Paraphernalia” at this exact scope? If not, choose correct, split, reclassify, deduplicate, or remove and state the exact mapping.","","","","","","","",""
"36","legacy_hold","fl-maintaining-drug-house","Maintaining Drug House","","893.1351","Fla. Stat. § 893.1351","https://www.leg.state.fl.us/statutes/index.cfm?App_mode=Display_Statute&URL=0800-0899/0893/Sections/0893.1351.html","require_exact_reselection","exact_citation_or_subdivision_mismatch","The catalog code does not exactly support every cited Florida statutory section and subdivision.","For Fla. Stat. § 893.1351, should record fl-maintaining-drug-house be corrected to an exact reviewed subdivision, split into multiple records, or removed? Supply the exact citation(s) and action.","","","","","","","",""
"37","legacy_hold","fl-felon-in-possession-of-firearm","Felon in Possession of Firearm","Felons and delinquents; possession of firearms, ammunition, or electric weapons or devices unlawful","790.23","Fla. Stat. § 790.23","https://www.leg.state.fl.us/statutes/index.cfm?App_mode=Display_Statute&URL=0700-0799/0790/Sections/0790.23.html","require_exact_reselection","label_to_official_title_identity_unresolved","The official Florida title ""Felons and delinquents; possession of firearms, ammunition, or electric weapons or devices unlawful"" is not an exact or explicitly reviewed mapping for the catalog label.","Does the official provision at Fla. Stat. § 790.23 support the legacy label “Felon in Possession of Firearm” at this exact scope? If not, choose correct, split, reclassify, deduplicate, or remove and state the exact mapping.","","","","","","","",""
"38","legacy_hold","fl-possession-of-prohibited-weapon","Possession of Prohibited Weapon","Possession of short-barreled rifle, short-barreled shotgun, or machine gun; penalty","790.221","Fla. Stat. § 790.221","https://www.leg.state.fl.us/statutes/index.cfm?App_mode=Display_Statute&URL=0700-0799/0790/Sections/0790.221.html","require_exact_reselection","label_to_official_title_identity_unresolved","The official Florida title ""Possession of short-barreled rifle, short-barreled shotgun, or machine gun; penalty"" is not an exact or explicitly reviewed mapping for the catalog label.","Does the official provision at Fla. Stat. § 790.221 support the legacy label “Possession of Prohibited Weapon” at this exact scope? If not, choose correct, split, reclassify, deduplicate, or remove and state the exact mapping.","","","","","","","",""
"39","legacy_hold","fl-wire-fraud","Wire Fraud","","969.256","Fla. Stat. § 969.256","https://www.leg.state.fl.us/statutes/index.cfm?App_mode=Display_Statute&URL=0900-0999/0969/Sections/0969.256.html","require_exact_reselection","exact_citation_or_subdivision_mismatch","The catalog code does not exactly support every cited Florida statutory section and subdivision.","For Fla. Stat. § 969.256, should record fl-wire-fraud be corrected to an exact reviewed subdivision, split into multiple records, or removed? Supply the exact citation(s) and action.","","","","","","","",""
"40","legacy_hold","fl-mail-fraud","Mail Fraud","","683.650","Fla. Stat. § 683.650","https://www.leg.state.fl.us/statutes/index.cfm?App_mode=Display_Statute&URL=0600-0699/0683/Sections/0683.650.html","require_exact_reselection","exact_citation_or_subdivision_mismatch","The catalog code does not exactly support every cited Florida statutory section and subdivision.","For Fla. Stat. § 683.650, should record fl-mail-fraud be corrected to an exact reviewed subdivision, split into multiple records, or removed? Supply the exact citation(s) and action.","","","","","","","",""
"41","legacy_hold","fl-check-fraud","Check Fraud","Giving worthless checks, drafts, and debit card orders; penalty; duty of drawee; evidence; costs; complaint form","832.05","Fla. Stat. § 832.05","https://www.leg.state.fl.us/statutes/index.cfm?App_mode=Display_Statute&URL=0800-0899/0832/Sections/0832.05.html","require_exact_reselection","label_to_official_title_identity_unresolved","The official Florida title ""Giving worthless checks, drafts, and debit card orders; penalty; duty of drawee; evidence; costs; complaint form"" is not an exact or explicitly reviewed mapping for the catalog label.","Does the official provision at Fla. Stat. § 832.05 support the legacy label “Check Fraud” at this exact scope? If not, choose correct, split, reclassify, deduplicate, or remove and state the exact mapping.","","","","","","","",""
"42","legacy_hold","fl-insurance-fraud","Insurance Fraud","False and fraudulent insurance claims","817.234","Fla. Stat. § 817.234","https://www.leg.state.fl.us/statutes/index.cfm?App_mode=Display_Statute&URL=0800-0899/0817/Sections/0817.234.html","require_exact_reselection","label_to_official_title_identity_unresolved","The official Florida title ""False and fraudulent insurance claims"" is not an exact or explicitly reviewed mapping for the catalog label.","Does the official provision at Fla. Stat. § 817.234 support the legacy label “Insurance Fraud” at this exact scope? If not, choose correct, split, reclassify, deduplicate, or remove and state the exact mapping.","","","","","","","",""
"43","legacy_hold","fl-tax-fraud","Tax Fraud","","213.29","Fla. Stat. § 213.29","https://www.leg.state.fl.us/statutes/index.cfm?App_mode=Display_Statute&URL=0200-0299/0213/Sections/0213.29.html","require_exact_reselection","exact_citation_or_subdivision_mismatch","The catalog code does not exactly support every cited Florida statutory section and subdivision.","For Fla. Stat. § 213.29, should record fl-tax-fraud be corrected to an exact reviewed subdivision, split into multiple records, or removed? Supply the exact citation(s) and action.","","","","","","","",""
"44","legacy_hold","fl-computer-fraud","Computer Fraud","Offenses against users of computers, computer systems, computer networks, and electronic devices","815.06","Fla. Stat. § 815.06","https://www.leg.state.fl.us/statutes/index.cfm?App_mode=Display_Statute&URL=0800-0899/0815/Sections/0815.06.html","require_exact_reselection","label_to_official_title_identity_unresolved","The official Florida title ""Offenses against users of computers, computer systems, computer networks, and electronic devices"" is not an exact or explicitly reviewed mapping for the catalog label.","Does the official provision at Fla. Stat. § 815.06 support the legacy label “Computer Fraud” at this exact scope? If not, choose correct, split, reclassify, deduplicate, or remove and state the exact mapping.","","","","","","","",""
"45","legacy_hold","fl-disorderly-conduct","Disorderly Conduct","Breach of the peace; disorderly conduct","877.03","Fla. Stat. § 877.03","https://www.leg.state.fl.us/statutes/index.cfm?App_mode=Display_Statute&URL=0800-0899/0877/Sections/0877.03.html","require_exact_reselection","label_to_official_title_identity_unresolved","The official Florida title ""Breach of the peace; disorderly conduct"" is not an exact or explicitly reviewed mapping for the catalog label.","Does the official provision at Fla. Stat. § 877.03 support the legacy label “Disorderly Conduct” at this exact scope? If not, choose correct, split, reclassify, deduplicate, or remove and state the exact mapping.","","","","","","","",""
"46","legacy_hold","fl-vandalism","Vandalism","Criminal mischief; penalties; penalty for minor","806.13","Fla. Stat. § 806.13","https://www.leg.state.fl.us/statutes/index.cfm?App_mode=Display_Statute&URL=0800-0899/0806/Sections/0806.13.html","require_exact_reselection","label_to_official_title_identity_unresolved","The official Florida title ""Criminal mischief; penalties; penalty for minor"" is not an exact or explicitly reviewed mapping for the catalog label.","Does the official provision at Fla. Stat. § 806.13 support the legacy label “Vandalism” at this exact scope? If not, choose correct, split, reclassify, deduplicate, or remove and state the exact mapping.","","","","","","","",""
"47","legacy_hold","fl-dui-first-offense","DUI First Offense","Driving under the influence; penalties","316.193","Fla. Stat. § 316.193","https://www.leg.state.fl.us/statutes/index.cfm?App_mode=Display_Statute&URL=0300-0399/0316/Sections/0316.193.html","require_exact_reselection","label_to_official_title_identity_unresolved","The official Florida title ""Driving under the influence; penalties"" is not an exact or explicitly reviewed mapping for the catalog label.","Does the official provision at Fla. Stat. § 316.193 support the legacy label “DUI First Offense” at this exact scope? If not, choose correct, split, reclassify, deduplicate, or remove and state the exact mapping.","","","","","","","",""
"48","legacy_hold","fl-dui-second-offense","DUI Second Offense","Driving under the influence; penalties","316.193(2)(a)","Fla. Stat. § 316.193(2)(a)","https://www.leg.state.fl.us/statutes/index.cfm?App_mode=Display_Statute&URL=0300-0399/0316/Sections/0316.193.html","require_exact_reselection","label_to_official_title_identity_unresolved","The official Florida title ""Driving under the influence; penalties"" is not an exact or explicitly reviewed mapping for the catalog label.","Does the official provision at Fla. Stat. § 316.193(2)(a) support the legacy label “DUI Second Offense” at this exact scope? If not, choose correct, split, reclassify, deduplicate, or remove and state the exact mapping.","","","","","","","",""
"49","legacy_hold","fl-dui-third-offense","DUI Third Offense","Driving under the influence; penalties","316.193(2)(b)1","Fla. Stat. § 316.193(2)(b)1","https://www.leg.state.fl.us/statutes/index.cfm?App_mode=Display_Statute&URL=0300-0399/0316/Sections/0316.193.html","require_exact_reselection","label_to_official_title_identity_unresolved","The official Florida title ""Driving under the influence; penalties"" is not an exact or explicitly reviewed mapping for the catalog label.","Does the official provision at Fla. Stat. § 316.193(2)(b)1 support the legacy label “DUI Third Offense” at this exact scope? If not, choose correct, split, reclassify, deduplicate, or remove and state the exact mapping.","","","","","","","",""
"50","legacy_hold","fl-hit-and-run","Hit and Run","","316.061","Fla. Stat. § 316.061","https://www.leg.state.fl.us/statutes/index.cfm?App_mode=Display_Statute&URL=0300-0399/0316/Sections/0316.061.html","require_exact_reselection","exact_citation_or_subdivision_mismatch","The catalog code does not exactly support every cited Florida statutory section and subdivision.","For Fla. Stat. § 316.061, should record fl-hit-and-run be corrected to an exact reviewed subdivision, split into multiple records, or removed? Supply the exact citation(s) and action.","","","","","","","",""
"51","legacy_hold","fl-petit-theft","Petit Theft (Under $750)","","812.014(2)(e)","Fla. Stat. § 812.014(2)(e)","https://www.leg.state.fl.us/statutes/index.cfm?App_mode=Display_Statute&URL=0800-0899/0812/Sections/0812.014.html","require_exact_reselection","exact_citation_or_subdivision_mismatch","The catalog code does not exactly support every cited Florida statutory section and subdivision.","For Fla. Stat. § 812.014(2)(e), should record fl-petit-theft be corrected to an exact reviewed subdivision, split into multiple records, or removed? Supply the exact citation(s) and action.","","","","","","","",""
"52","legacy_hold","fl-battery","Simple Battery","Battery; felony battery","784.03","Fla. Stat. § 784.03","https://www.leg.state.fl.us/statutes/index.cfm?App_mode=Display_Statute&URL=0700-0799/0784/Sections/0784.03.html","require_exact_reselection","label_to_official_title_identity_unresolved","The official Florida title ""Battery; felony battery"" is not an exact or explicitly reviewed mapping for the catalog label.","Does the official provision at Fla. Stat. § 784.03 support the legacy label “Simple Battery” at this exact scope? If not, choose correct, split, reclassify, deduplicate, or remove and state the exact mapping.","","","","","","","",""
"53","legacy_hold","fl-domestic-battery","Domestic Battery","","784.03(1)(a)","Fla. Stat. § 784.03(1)(a)","https://www.leg.state.fl.us/statutes/index.cfm?App_mode=Display_Statute&URL=0700-0799/0784/Sections/0784.03.html","require_exact_reselection","exact_citation_or_subdivision_mismatch","The catalog code does not exactly support every cited Florida statutory section and subdivision.","For Fla. Stat. § 784.03(1)(a), should record fl-domestic-battery be corrected to an exact reviewed subdivision, split into multiple records, or removed? Supply the exact citation(s) and action.","","","","","","","",""
"54","legacy_hold","fl-driving-with-suspended-license","Driving with a Suspended License (DWLSR)","Driving while license suspended, revoked, canceled, or disqualified","322.34","Fla. Stat. § 322.34","https://www.leg.state.fl.us/statutes/index.cfm?App_mode=Display_Statute&URL=0300-0399/0322/Sections/0322.34.html","require_exact_reselection","label_to_official_title_identity_unresolved","The official Florida title ""Driving while license suspended, revoked, canceled, or disqualified"" is not an exact or explicitly reviewed mapping for the catalog label.","Does the official provision at Fla. Stat. § 322.34 support the legacy label “Driving with a Suspended License (DWLSR)” at this exact scope? If not, choose correct, split, reclassify, deduplicate, or remove and state the exact mapping.","","","","","","","",""
"55","legacy_hold","fl-violation-of-probation","Violation of Probation","Violation of probation or community control; revocation; modification; continuance; failure to pay restitution or cost of supervision","948.06","Fla. Stat. § 948.06","https://www.leg.state.fl.us/statutes/index.cfm?App_mode=Display_Statute&URL=0900-0999/0948/Sections/0948.06.html","require_exact_reselection","label_to_official_title_identity_unresolved","The official Florida title ""Violation of probation or community control; revocation; modification; continuance; failure to pay restitution or cost of supervision"" is not an exact or explicitly reviewed mapping for the catalog label.","Does the official provision at Fla. Stat. § 948.06 support the legacy label “Violation of Probation” at this exact scope? If not, choose correct, split, reclassify, deduplicate, or remove and state the exact mapping.","","","","","","","",""
"56","legacy_hold","fl-failure-to-appear","Failure to Appear","","843.15","Fla. Stat. § 843.15","https://www.leg.state.fl.us/statutes/index.cfm?App_mode=Display_Statute&URL=0800-0899/0843/Sections/0843.15.html","require_exact_reselection","exact_citation_or_subdivision_mismatch","The catalog code does not exactly support every cited Florida statutory section and subdivision.","For Fla. Stat. § 843.15, should record fl-failure-to-appear be corrected to an exact reviewed subdivision, split into multiple records, or removed? Supply the exact citation(s) and action.","","","","","","","",""
"57","legacy_hold","fl-resisting-arrest","Resisting Arrest / Obstruction","","843.01","Fla. Stat. § 843.01","https://www.leg.state.fl.us/statutes/index.cfm?App_mode=Display_Statute&URL=0800-0899/0843/Sections/0843.01.html","require_exact_reselection","exact_citation_or_subdivision_mismatch","The catalog code does not exactly support every cited Florida statutory section and subdivision.","For Fla. Stat. § 843.01, should record fl-resisting-arrest be corrected to an exact reviewed subdivision, split into multiple records, or removed? Supply the exact citation(s) and action.","","","","","","","",""
"58","legacy_hold","fl-protective-order-violation","Violation of Protective Order","","741.31","Fla. Stat. § 741.31","https://www.leg.state.fl.us/statutes/index.cfm?App_mode=Display_Statute&URL=0700-0799/0741/Sections/0741.31.html","require_exact_reselection","exact_citation_or_subdivision_mismatch","The catalog code does not exactly support every cited Florida statutory section and subdivision.","For Fla. Stat. § 741.31, should record fl-protective-order-violation be corrected to an exact reviewed subdivision, split into multiple records, or removed? Supply the exact citation(s) and action.","","","","","","","",""
"59","legacy_hold","fl-open-container","Open Container Violation","","316.1936","Fla. Stat. § 316.1936","https://www.leg.state.fl.us/statutes/index.cfm?App_mode=Display_Statute&URL=0300-0399/0316/Sections/0316.1936.html","require_exact_reselection","exact_citation_or_subdivision_mismatch","The catalog code does not exactly support every cited Florida statutory section and subdivision.","For Fla. Stat. § 316.1936, should record fl-open-container be corrected to an exact reviewed subdivision, split into multiple records, or removed? Supply the exact citation(s) and action.","","","","","","","",""
"60","legacy_hold","fl-false-info-to-police","Providing False Information to Police","","837.05","Fla. Stat. § 837.05","https://www.leg.state.fl.us/statutes/index.cfm?App_mode=Display_Statute&URL=0800-0899/0837/Sections/0837.05.html","require_exact_reselection","exact_citation_or_subdivision_mismatch","The catalog code does not exactly support every cited Florida statutory section and subdivision.","For Fla. Stat. § 837.05, should record fl-false-info-to-police be corrected to an exact reviewed subdivision, split into multiple records, or removed? Supply the exact citation(s) and action.","","","","","","","",""
"61","legacy_hold","fl-harassment","Harassment / Stalking","Stalking; definitions; penalties","784.048","Fla. Stat. § 784.048","https://www.leg.state.fl.us/statutes/index.cfm?App_mode=Display_Statute&URL=0700-0799/0784/Sections/0784.048.html","require_exact_reselection","label_to_official_title_identity_unresolved","The official Florida title ""Stalking; definitions; penalties"" is not an exact or explicitly reviewed mapping for the catalog label.","Does the official provision at Fla. Stat. § 784.048 support the legacy label “Harassment / Stalking” at this exact scope? If not, choose correct, split, reclassify, deduplicate, or remove and state the exact mapping.","","","","","","","",""
"62","legacy_hold","fl-contempt-of-court","Contempt of Court","","38.22","Fla. Stat. § 38.22","","require_exact_reselection","exact_citation_or_subdivision_mismatch","The catalog code does not exactly support every cited Florida statutory section and subdivision.","For Fla. Stat. § 38.22, should record fl-contempt-of-court be corrected to an exact reviewed subdivision, split into multiple records, or removed? Supply the exact citation(s) and action.","","","","","","","",""
"63","legacy_hold","fl-solicitation","Solicitation / Prostitution","Prohibiting prostitution and related acts","796.07","Fla. Stat. § 796.07","https://www.leg.state.fl.us/statutes/index.cfm?App_mode=Display_Statute&URL=0700-0799/0796/Sections/0796.07.html","require_exact_reselection","label_to_official_title_identity_unresolved","The official Florida title ""Prohibiting prostitution and related acts"" is not an exact or explicitly reviewed mapping for the catalog label.","Does the official provision at Fla. Stat. § 796.07 support the legacy label “Solicitation / Prostitution” at this exact scope? If not, choose correct, split, reclassify, deduplicate, or remove and state the exact mapping.","","","","","","","",""
"64","legacy_hold","fl-driving-without-insurance","Driving Without Insurance","","316.646","Fla. Stat. § 316.646","https://www.leg.state.fl.us/statutes/index.cfm?App_mode=Display_Statute&URL=0300-0399/0316/Sections/0316.646.html","require_exact_reselection","exact_citation_or_subdivision_mismatch","The catalog code does not exactly support every cited Florida statutory section and subdivision.","For Fla. Stat. § 316.646, should record fl-driving-without-insurance be corrected to an exact reviewed subdivision, split into multiple records, or removed? Supply the exact citation(s) and action.","","","","","","","",""
"65","legacy_hold","fl-expired-registration","Driving with Expired Registration","","320.07","Fla. Stat. § 320.07","https://www.leg.state.fl.us/statutes/index.cfm?App_mode=Display_Statute&URL=0300-0399/0320/Sections/0320.07.html","require_exact_reselection","exact_citation_or_subdivision_mismatch","The catalog code does not exactly support every cited Florida statutory section and subdivision.","For Fla. Stat. § 320.07, should record fl-expired-registration be corrected to an exact reviewed subdivision, split into multiple records, or removed? Supply the exact citation(s) and action.","","","","","","","",""
"66","legacy_hold","fl-expired-inspection","Driving with Expired/No Inspection","Safety of vehicle; inspection","316.610","Fla. Stat. § 316.610","https://www.leg.state.fl.us/statutes/index.cfm?App_mode=Display_Statute&URL=0300-0399/0316/Sections/0316.610.html","require_exact_reselection","label_to_official_title_identity_unresolved","The official Florida title ""Safety of vehicle; inspection"" is not an exact or explicitly reviewed mapping for the catalog label.","Does the official provision at Fla. Stat. § 316.610 support the legacy label “Driving with Expired/No Inspection” at this exact scope? If not, choose correct, split, reclassify, deduplicate, or remove and state the exact mapping.","","","","","","","",""
"67","legacy_hold","fl-failure-to-pay-child-support","Criminal Nonsupport / Failure to Pay Child Support","","827.06","Fla. Stat. § 827.06","https://www.leg.state.fl.us/statutes/index.cfm?App_mode=Display_Statute&URL=0800-0899/0827/Sections/0827.06.html","require_exact_reselection","exact_citation_or_subdivision_mismatch","The catalog code does not exactly support every cited Florida statutory section and subdivision.","For Fla. Stat. § 827.06, should record fl-failure-to-pay-child-support be corrected to an exact reviewed subdivision, split into multiple records, or removed? Supply the exact citation(s) and action.","","","","","","","",""
"68","legacy_hold","fl-noise-violation","Noise Violation / Disturbing the Peace by Noise","","877.03","Fla. Stat. § 877.03","https://www.leg.state.fl.us/statutes/index.cfm?App_mode=Display_Statute&URL=0800-0899/0877/Sections/0877.03.html","require_exact_reselection","current_authority_unavailable","Florida Legislature section 386.04 could not be verified.","What current authority, if any, supports record fl-noise-violation at Fla. Stat. § 877.03? Keep held unless the exact current source and scope are supplied.","","","","Exact current authority identified in the manifest reason","","","",""
"69","legacy_hold","fl-indecent-exposure","Indecent Exposure / Public Urination","Exposure of sexual organs","800.03","Fla. Stat. § 800.03","https://www.leg.state.fl.us/statutes/index.cfm?App_mode=Display_Statute&URL=0800-0899/0800/Sections/0800.03.html","require_exact_reselection","label_to_official_title_identity_unresolved","The official Florida title ""Exposure of sexual organs"" is not an exact or explicitly reviewed mapping for the catalog label.","Does the official provision at Fla. Stat. § 800.03 support the legacy label “Indecent Exposure / Public Urination” at this exact scope? If not, choose correct, split, reclassify, deduplicate, or remove and state the exact mapping.","","","","","","","",""
"70","legacy_hold","fl-fake-id","Possession of Fake/Fraudulent ID","Unauthorized possession of, and other unlawful acts in relation to, driver license or identification card","322.212","Fla. Stat. § 322.212","https://www.leg.state.fl.us/statutes/index.cfm?App_mode=Display_Statute&URL=0300-0399/0322/Sections/0322.212.html","require_exact_reselection","label_to_official_title_identity_unresolved","The official Florida title ""Unauthorized possession of, and other unlawful acts in relation to, driver license or identification card"" is not an exact or explicitly reviewed mapping for the catalog label.","Does the official provision at Fla. Stat. § 322.212 support the legacy label “Possession of Fake/Fraudulent ID” at this exact scope? If not, choose correct, split, reclassify, deduplicate, or remove and state the exact mapping.","","","","","","","",""
"71","legacy_hold","fl-animal-at-large","Animal at Large / Leash Law Violation","Dog owner’s liability for damages to persons, domestic animals, or livestock","767.01","Fla. Stat. § 767.01","https://www.leg.state.fl.us/statutes/index.cfm?App_mode=Display_Statute&URL=0700-0799/0767/Sections/0767.01.html","require_exact_reselection","label_to_official_title_identity_unresolved","The official Florida title ""Dog owner’s liability for damages to persons, domestic animals, or livestock"" is not an exact or explicitly reviewed mapping for the catalog label.","Does the official provision at Fla. Stat. § 767.01 support the legacy label “Animal at Large / Leash Law Violation” at this exact scope? If not, choose correct, split, reclassify, deduplicate, or remove and state the exact mapping.","","","","","","","",""
"72","legacy_hold","fl-animal-cruelty-misdemeanor","Animal Cruelty (Misdemeanor)","Cruelty to animals","828.12(1)","Fla. Stat. § 828.12(1)","https://www.leg.state.fl.us/statutes/index.cfm?App_mode=Display_Statute&URL=0800-0899/0828/Sections/0828.12.html","require_exact_reselection","label_to_official_title_identity_unresolved","The official Florida title ""Cruelty to animals"" is not an exact or explicitly reviewed mapping for the catalog label.","Does the official provision at Fla. Stat. § 828.12(1) support the legacy label “Animal Cruelty (Misdemeanor)” at this exact scope? If not, choose correct, split, reclassify, deduplicate, or remove and state the exact mapping.","","","","","","","",""
"73","legacy_hold","fl-illegal-camping","Illegal Camping / Sleeping in Public","Loitering or prowling; penalty","856.021","Fla. Stat. § 856.021","https://www.leg.state.fl.us/statutes/index.cfm?App_mode=Display_Statute&URL=0800-0899/0856/Sections/0856.021.html","require_exact_reselection","label_to_official_title_identity_unresolved","The official Florida title ""Loitering or prowling; penalty"" is not an exact or explicitly reviewed mapping for the catalog label.","Does the official provision at Fla. Stat. § 856.021 support the legacy label “Illegal Camping / Sleeping in Public” at this exact scope? If not, choose correct, split, reclassify, deduplicate, or remove and state the exact mapping.","","","","","","","",""
"74","legacy_hold","fl-panhandling","Panhandling / Aggressive Solicitation","Loitering or prowling; penalty","856.021","Fla. Stat. § 856.021","https://www.leg.state.fl.us/statutes/index.cfm?App_mode=Display_Statute&URL=0800-0899/0856/Sections/0856.021.html","require_exact_reselection","label_to_official_title_identity_unresolved","The official Florida title ""Loitering or prowling; penalty"" is not an exact or explicitly reviewed mapping for the catalog label.","Does the official provision at Fla. Stat. § 856.021 support the legacy label “Panhandling / Aggressive Solicitation” at this exact scope? If not, choose correct, split, reclassify, deduplicate, or remove and state the exact mapping.","","","","","","","",""
"75","legacy_hold","fl-unregistered-vehicle","Operating Unregistered / Uninsured Vehicle","Registration required; application for registration; forms","320.02","Fla. Stat. § 320.02","https://www.leg.state.fl.us/statutes/index.cfm?App_mode=Display_Statute&URL=0300-0399/0320/Sections/0320.02.html","require_exact_reselection","label_to_official_title_identity_unresolved","The official Florida title ""Registration required; application for registration; forms"" is not an exact or explicitly reviewed mapping for the catalog label.","Does the official provision at Fla. Stat. § 320.02 support the legacy label “Operating Unregistered / Uninsured Vehicle” at this exact scope? If not, choose correct, split, reclassify, deduplicate, or remove and state the exact mapping.","","","","","","","",""
"76","legacy_hold","fl-curfew-violation","Curfew Violation","Minors prohibited in public places and establishments during certain hours; penalty; procedure","877.22","Fla. Stat. § 877.22","https://www.leg.state.fl.us/statutes/index.cfm?App_mode=Display_Statute&URL=0800-0899/0877/Sections/0877.22.html","require_exact_reselection","label_to_official_title_identity_unresolved","The official Florida title ""Minors prohibited in public places and establishments during certain hours; penalty; procedure"" is not an exact or explicitly reviewed mapping for the catalog label.","Does the official provision at Fla. Stat. § 877.22 support the legacy label “Curfew Violation” at this exact scope? If not, choose correct, split, reclassify, deduplicate, or remove and state the exact mapping.","","","","","","","",""
"77","legacy_hold","fl-trespass-after-warning","Trespass After Warning / Return After Ban","Trespass on property other than structure or conveyance","810.09","Fla. Stat. § 810.09","https://www.leg.state.fl.us/statutes/index.cfm?App_mode=Display_Statute&URL=0800-0899/0810/Sections/0810.09.html","require_exact_reselection","label_to_official_title_identity_unresolved","The official Florida title ""Trespass on property other than structure or conveyance"" is not an exact or explicitly reviewed mapping for the catalog label.","Does the official provision at Fla. Stat. § 810.09 support the legacy label “Trespass After Warning / Return After Ban” at this exact scope? If not, choose correct, split, reclassify, deduplicate, or remove and state the exact mapping.","","","","","","","",""
"78","legacy_hold","fl-defective-vehicle-equipment","Defective Vehicle Equipment / Broken Taillight","","316.234","Fla. Stat. § 316.234","https://www.leg.state.fl.us/statutes/index.cfm?App_mode=Display_Statute&URL=0300-0399/0316/Sections/0316.234.html","require_exact_reselection","exact_citation_or_subdivision_mismatch","The catalog code does not exactly support every cited Florida statutory section and subdivision.","For Fla. Stat. § 316.234, should record fl-defective-vehicle-equipment be corrected to an exact reviewed subdivision, split into multiple records, or removed? Supply the exact citation(s) and action.","","","","","","","",""
"79","legacy_hold","fl-truancy","Truancy / Chronic Absenteeism","","984.151","Fla. Stat. § 984.151","https://www.leg.state.fl.us/statutes/index.cfm?App_mode=Display_Statute&URL=0900-0999/0984/Sections/0984.151.html","require_exact_reselection","exact_citation_or_subdivision_mismatch","The catalog code does not exactly support every cited Florida statutory section and subdivision.","For Fla. Stat. § 984.151, should record fl-truancy be corrected to an exact reviewed subdivision, split into multiple records, or removed? Supply the exact citation(s) and action.","","","","","","","",""
"80","legacy_hold","fl-littering","Littering / Illegal Dumping","Florida Litter Law","403.413","Fla. Stat. § 403.413","https://www.leg.state.fl.us/statutes/index.cfm?App_mode=Display_Statute&URL=0400-0499/0403/Sections/0403.413.html","require_exact_reselection","label_to_official_title_identity_unresolved","The official Florida title ""Florida Litter Law"" is not an exact or explicitly reviewed mapping for the catalog label.","Does the official provision at Fla. Stat. § 403.413 support the legacy label “Littering / Illegal Dumping” at this exact scope? If not, choose correct, split, reclassify, deduplicate, or remove and state the exact mapping.","","","","","","","",""
"81","legacy_hold","fl-illegal-fireworks","Illegal Discharge of Fireworks","","791.01","Fla. Stat. § 791.01","https://www.leg.state.fl.us/statutes/index.cfm?App_mode=Display_Statute&URL=0700-0799/0791/Sections/0791.01.html","require_exact_reselection","exact_citation_or_subdivision_mismatch","The catalog code does not exactly support every cited Florida statutory section and subdivision.","For Fla. Stat. § 791.01, should record fl-illegal-fireworks be corrected to an exact reviewed subdivision, split into multiple records, or removed? Supply the exact citation(s) and action.","","","","","","","",""
"82","legacy_hold","fl-alcohol-in-park","Possession of Alcohol in Park / Prohibited Area","","562.12","Fla. Stat. § 562.12","https://www.leg.state.fl.us/statutes/index.cfm?App_mode=Display_Statute&URL=0500-0599/0562/Sections/0562.12.html","require_exact_reselection","exact_citation_or_subdivision_mismatch","The catalog code does not exactly support every cited Florida statutory section and subdivision.","For Fla. Stat. § 562.12, should record fl-alcohol-in-park be corrected to an exact reviewed subdivision, split into multiple records, or removed? Supply the exact citation(s) and action.","","","","","","","",""
"83","legacy_hold","fl-hunting-fishing-no-license","Fishing / Hunting Without a License","Recreational licenses, permits, and authorization numbers; fees established","379.354","Fla. Stat. § 379.354","https://www.leg.state.fl.us/statutes/index.cfm?App_mode=Display_Statute&URL=0300-0399/0379/Sections/0379.354.html","require_exact_reselection","label_to_official_title_identity_unresolved","The official Florida title ""Recreational licenses, permits, and authorization numbers; fees established"" is not an exact or explicitly reviewed mapping for the catalog label.","Does the official provision at Fla. Stat. § 379.354 support the legacy label “Fishing / Hunting Without a License” at this exact scope? If not, choose correct, split, reclassify, deduplicate, or remove and state the exact mapping.","","","","","","","",""
"84","legacy_hold","fl-criminal-attempt","Criminal Attempt","","MPC § 5.01 / FL attempt statute","Fla. Stat. § MPC § 5.01 / FL attempt statute","","require_exact_reselection","exact_citation_or_subdivision_mismatch","The catalog code does not exactly support every cited Florida statutory section and subdivision.","For Fla. Stat. § MPC § 5.01 / FL attempt statute, should record fl-criminal-attempt be corrected to an exact reviewed subdivision, split into multiple records, or removed? Supply the exact citation(s) and action.","","","","","","","",""
"85","legacy_hold","fl-conspiracy","Criminal Conspiracy","","MPC § 5.03 / FL conspiracy statute","Fla. Stat. § MPC § 5.03 / FL conspiracy statute","","require_exact_reselection","exact_citation_or_subdivision_mismatch","The catalog code does not exactly support every cited Florida statutory section and subdivision.","For Fla. Stat. § MPC § 5.03 / FL conspiracy statute, should record fl-conspiracy be corrected to an exact reviewed subdivision, split into multiple records, or removed? Supply the exact citation(s) and action.","","","","","","","",""
"86","legacy_hold","fl-aiding-and-abetting","Aiding and Abetting / Accomplice Liability","","MPC § 2.06 / FL accomplice statute","Fla. Stat. § MPC § 2.06 / FL accomplice statute","","require_exact_reselection","exact_citation_or_subdivision_mismatch","The catalog code does not exactly support every cited Florida statutory section and subdivision.","For Fla. Stat. § MPC § 2.06 / FL accomplice statute, should record fl-aiding-and-abetting be corrected to an exact reviewed subdivision, split into multiple records, or removed? Supply the exact citation(s) and action.","","","","","","","",""
"87","legacy_hold","fl-accessory-after-the-fact","Accessory After the Fact","","MPC § 2.07 / FL accessory statute","Fla. Stat. § MPC § 2.07 / FL accessory statute","","require_exact_reselection","exact_citation_or_subdivision_mismatch","The catalog code does not exactly support every cited Florida statutory section and subdivision.","For Fla. Stat. § MPC § 2.07 / FL accessory statute, should record fl-accessory-after-the-fact be corrected to an exact reviewed subdivision, split into multiple records, or removed? Supply the exact citation(s) and action.","","","","","","","",""
"88","legacy_hold","fl-attempted-murder","Attempted Murder","","FL attempted murder statute / MPC § 5.01","Fla. Stat. § FL attempted murder statute / MPC § 5.01","","require_exact_reselection","exact_citation_or_subdivision_mismatch","The catalog code does not exactly support every cited Florida statutory section and subdivision.","For Fla. Stat. § FL attempted murder statute / MPC § 5.01, should record fl-attempted-murder be corrected to an exact reviewed subdivision, split into multiple records, or removed? Supply the exact citation(s) and action.","","","","","","","",""
"89","legacy_hold","fl-attempted-robbery","Attempted Robbery","","FL attempted robbery statute / MPC § 5.01","Fla. Stat. § FL attempted robbery statute / MPC § 5.01","","require_exact_reselection","exact_citation_or_subdivision_mismatch","The catalog code does not exactly support every cited Florida statutory section and subdivision.","For Fla. Stat. § FL attempted robbery statute / MPC § 5.01, should record fl-attempted-robbery be corrected to an exact reviewed subdivision, split into multiple records, or removed? Supply the exact citation(s) and action.","","","","","","","",""
"90","legacy_hold","fl-attempted-sexual-assault","Attempted Sexual Assault","","FL attempted sexual assault statute / MPC § 5.01","Fla. Stat. § FL attempted sexual assault statute / MPC § 5.01","","require_exact_reselection","exact_citation_or_subdivision_mismatch","The catalog code does not exactly support every cited Florida statutory section and subdivision.","For Fla. Stat. § FL attempted sexual assault statute / MPC § 5.01, should record fl-attempted-sexual-assault be corrected to an exact reviewed subdivision, split into multiple records, or removed? Supply the exact citation(s) and action.","","","","","","","",""
"91","legacy_hold","fl-criminal-solicitation","Criminal Solicitation","","MPC § 5.02 / FL solicitation statute","Fla. Stat. § MPC § 5.02 / FL solicitation statute","","require_exact_reselection","exact_citation_or_subdivision_mismatch","The catalog code does not exactly support every cited Florida statutory section and subdivision.","For Fla. Stat. § MPC § 5.02 / FL solicitation statute, should record fl-criminal-solicitation be corrected to an exact reviewed subdivision, split into multiple records, or removed? Supply the exact citation(s) and action.","","","","","","","",""
"92","legacy_hold","fl-gang-enhancement","Criminal Street Gang Enhancement","","FL gang enhancement statute","Fla. Stat. § FL gang enhancement statute","","require_exact_reselection","exact_citation_or_subdivision_mismatch","The catalog code does not exactly support every cited Florida statutory section and subdivision.","For Fla. Stat. § FL gang enhancement statute, should record fl-gang-enhancement be corrected to an exact reviewed subdivision, split into multiple records, or removed? Supply the exact citation(s) and action.","","","","","","","",""
"93","legacy_hold","fl-hate-crime-enhancement","Hate Crime Enhancement","","FL hate crime statute","Fla. Stat. § FL hate crime statute","","require_exact_reselection","exact_citation_or_subdivision_mismatch","The catalog code does not exactly support every cited Florida statutory section and subdivision.","For Fla. Stat. § FL hate crime statute, should record fl-hate-crime-enhancement be corrected to an exact reviewed subdivision, split into multiple records, or removed? Supply the exact citation(s) and action.","","","","","","","",""
"94","legacy_hold","fl-recidivist-enhancement","Prior Felony / Recidivist Sentencing Enhancement","","FL habitual offender / recidivist statute","Fla. Stat. § FL habitual offender / recidivist statute","","require_exact_reselection","exact_citation_or_subdivision_mismatch","The catalog code does not exactly support every cited Florida statutory section and subdivision.","For Fla. Stat. § FL habitual offender / recidivist statute, should record fl-recidivist-enhancement be corrected to an exact reviewed subdivision, split into multiple records, or removed? Supply the exact citation(s) and action.","","","","","","","",""
"95","legacy_hold","fl-firearm-in-felony-enhancement","Use of a Firearm in Commission of a Felony","","FL firearm enhancement statute","Fla. Stat. § FL firearm enhancement statute","","require_exact_reselection","exact_citation_or_subdivision_mismatch","The catalog code does not exactly support every cited Florida statutory section and subdivision.","For Fla. Stat. § FL firearm enhancement statute, should record fl-firearm-in-felony-enhancement be corrected to an exact reviewed subdivision, split into multiple records, or removed? Supply the exact citation(s) and action.","","","","","","","",""
"96","legacy_hold","fl-drug-school-zone-enhancement","Drug Offense in a School Zone (Proximity Enhancement)","","FL drug-free school zone statute","Fla. Stat. § FL drug-free school zone statute","","require_exact_reselection","exact_citation_or_subdivision_mismatch","The catalog code does not exactly support every cited Florida statutory section and subdivision.","For Fla. Stat. § FL drug-free school zone statute, should record fl-drug-school-zone-enhancement be corrected to an exact reviewed subdivision, split into multiple records, or removed? Supply the exact citation(s) and action.","","","","","","","",""
"97","legacy_hold","fl-rico-organized-crime","RICO / Organized Crime (Racketeering)","","FL organized crime / racketeering statute","Fla. Stat. § FL organized crime / racketeering statute","","require_exact_reselection","exact_citation_or_subdivision_mismatch","The catalog code does not exactly support every cited Florida statutory section and subdivision.","For Fla. Stat. § FL organized crime / racketeering statute, should record fl-rico-organized-crime be corrected to an exact reviewed subdivision, split into multiple records, or removed? Supply the exact citation(s) and action.","","","","","","","",""
"98","legacy_hold","fl-money-laundering","Money Laundering","","FL money laundering statute","Fla. Stat. § FL money laundering statute","","require_exact_reselection","exact_citation_or_subdivision_mismatch","The catalog code does not exactly support every cited Florida statutory section and subdivision.","For Fla. Stat. § FL money laundering statute, should record fl-money-laundering be corrected to an exact reviewed subdivision, split into multiple records, or removed? Supply the exact citation(s) and action.","","","","","","","",""
"99","legacy_hold","fl-juvenile-delinquency-felony","Juvenile Delinquency Adjudication (Felony-Level Act)","Definitions","985.03(9)","Fla. Stat. § 985.03(9)","https://www.leg.state.fl.us/statutes/index.cfm?App_mode=Display_Statute&URL=0900-0999/0985/Sections/0985.03.html","require_exact_reselection","label_to_official_title_identity_unresolved","The official Florida title ""Definitions"" is not an exact or explicitly reviewed mapping for the catalog label.","Does the official provision at Fla. Stat. § 985.03(9) support the legacy label “Juvenile Delinquency Adjudication (Felony-Level Act)” at this exact scope? If not, choose correct, split, reclassify, deduplicate, or remove and state the exact mapping.","","","","","","","",""
"100","legacy_hold","fl-juvenile-delinquency-misdemeanor","Juvenile Delinquency Adjudication (Misdemeanor-Level Act)","Definitions","985.03(9)","Fla. Stat. § 985.03(9)","https://www.leg.state.fl.us/statutes/index.cfm?App_mode=Display_Statute&URL=0900-0999/0985/Sections/0985.03.html","require_exact_reselection","label_to_official_title_identity_unresolved","The official Florida title ""Definitions"" is not an exact or explicitly reviewed mapping for the catalog label.","Does the official provision at Fla. Stat. § 985.03(9) support the legacy label “Juvenile Delinquency Adjudication (Misdemeanor-Level Act)” at this exact scope? If not, choose correct, split, reclassify, deduplicate, or remove and state the exact mapping.","","","","","","","",""
"101","legacy_hold","fl-juvenile-transfer-adult-court","Juvenile Transfer to Adult Court (Waiver Hearing)","","FL Juvenile Court Act — transfer / waiver provisions","Fla. Stat. § FL Juvenile Court Act — transfer / waiver provisions","","require_exact_reselection","exact_citation_or_subdivision_mismatch","The catalog code does not exactly support every cited Florida statutory section and subdivision.","For Fla. Stat. § FL Juvenile Court Act — transfer / waiver provisions, should record fl-juvenile-transfer-adult-court be corrected to an exact reviewed subdivision, split into multiple records, or removed? Supply the exact citation(s) and action.","","","","","","","",""
"102","legacy_hold","fl-juvenile-firearm-possession","Juvenile Firearm Possession","","FL juvenile firearm possession statute","Fla. Stat. § FL juvenile firearm possession statute","","require_exact_reselection","exact_citation_or_subdivision_mismatch","The catalog code does not exactly support every cited Florida statutory section and subdivision.","For Fla. Stat. § FL juvenile firearm possession statute, should record fl-juvenile-firearm-possession be corrected to an exact reviewed subdivision, split into multiple records, or removed? Supply the exact citation(s) and action.","","","","","","","",""
"103","blocked_branch_authority","fl-fs-893-13-3-prohibited-acts-penalties","","","893.13(3)","Fla. Stat. § 893.13(3)","https://www.leg.state.fl.us/statutes/index.cfm?App_mode=Display_Statute&URL=0800-0899/0893/Sections/0893.13.html | https://www.flsenate.gov/Laws/Statutes/2026/381.986","held","sources_recovered_pending_exact_integration_and_review","Official 2026 Florida Senate source recovered; awaiting exact extraction of the medical-marijuana exclusion and boundaries, hash integration, integrity checks, and legal review.","Does current Fla. Stat. § 381.986 resolve every medical-marijuana exclusion applicable to the cannabis-specific § 893.13(3) delivery branch? Identify the exact paragraphs and any limits.","","","","Fla. Stat. § 381.986: https://www.flsenate.gov/Laws/Statutes/2026/381.986","","","",""
"104","blocked_branch_authority","fl-fs-893-147-7-use-possession-manufacture-delivery-transportation-advertisement-or-retail-sale-of-drug-paraphernalia-specified-machines-and-materials","","","893.147(7)","Fla. Stat. § 893.147(7)","https://www.leg.state.fl.us/statutes/index.cfm?App_mode=Display_Statute&URL=0800-0899/0893/Sections/0893.147.html | https://www.flsenate.gov/Laws/Statutes/2026/381.986 | https://uscode.house.gov/view.xhtml?req=granuleid:USC-prelim-title21-section802&num=0&edition=prelim | https://uscode.house.gov/view.xhtml?req=granuleid:USC-prelim-title21-section822&num=0&edition=prelim | https://uscode.house.gov/view.xhtml?req=granuleid:USC-prelim-title21-section830&num=0&edition=prelim","held","sources_recovered_pending_exact_integration_and_review","All four official source leads recovered; awaiting narrow subdivision extraction, cross-reference validation, reviewed-hash integration, integrity checks, and legal review. Federal OLRC pages are preliminary and represent law only through April 13, 2026 / Pub. L. 119-83, not the later retrieval date.","Do the current federal provisions and Fla. Stat. § 381.986 close the definitions, registration/compliance conditions, and licensing exception for § 893.147(7)? Identify exact incorporated scopes; do not approve a partial dependency set.","","","","Fla. Stat. § 381.986: https://www.flsenate.gov/Laws/Statutes/2026/381.986 | 21 U.S.C. § 802: https://uscode.house.gov/view.xhtml?req=granuleid:USC-prelim-title21-section802&num=0&edition=prelim | 21 U.S.C. § 822: https://uscode.house.gov/view.xhtml?req=granuleid:USC-prelim-title21-section822&num=0&edition=prelim | 21 U.S.C. § 830: https://uscode.house.gov/view.xhtml?req=granuleid:USC-prelim-title21-section830&num=0&edition=prelim","","","",""
"105","blocked_branch_authority","fl-fs-827-04-1-contributing-to-the-delinquency-or-dependency-of-a-child-penalty","","","827.04(1)","Fla. Stat. § 827.04(1)","https://www.leg.state.fl.us/statutes/index.cfm?App_mode=Display_Statute&URL=0800-0899/0827/Sections/0827.04.html | https://www.flsenate.gov/Laws/Statutes/2026/39.01","held","sources_recovered_pending_exact_integration_and_review","Official 2026 Florida Senate source recovered; awaiting exact dependent-child definition extraction, nested-dependency review, hash integration, integrity checks, and legal review. Cached Fla. Stat. §§ 984.03 and 985.03 did not independently cure this dependency.","Does current Fla. Stat. § 39.01 supply the controlling dependent-child definition for § 827.04(1), including all relevant conditions and exceptions? Identify the exact subdivision(s).","","","","Fla. Stat. § 39.01: https://www.flsenate.gov/Laws/Statutes/2026/39.01","","","",""
