"chargeId","catalogLabel","catalogCode","citation","officialSourceUrl","officialTitle","reviewFocus","relatedChargeIds","possibleDuplicate","reviewQuestion","recommendedAction","approvedDisplayName","correctedCitation","correctedSubdivision","canonicalChargeId","decision","otherDetails","note","mappingClassification","currentDispositionReason"
"oh-murder-in-the-first-degree","Murder in the First Degree","2903.01","Ohio Rev. Code Ann. § 2903.01","https://codes.ohio.gov/ohio-revised-code/section-2903.01","Aggravated murder","official-title-mismatch","","false","Does the official Ohio title cover this catalog offense, or should the row be renamed or reclassified?","correct-or-reclassify","","","","","","","","semantic_conflict","The official Ohio title ""Aggravated murder"" is not an exact or explicitly reviewed mapping for the catalog label."
"oh-murder-in-the-second-degree","Murder in the Second Degree","2903.02","Ohio Rev. Code Ann. § 2903.02","https://codes.ohio.gov/ohio-revised-code/section-2903.02","Murder","shared-citation-cluster","oh-felony-murder","true","Are these distinct Ohio offenses/subsections, or should one row be the canonical catalog entry?","deduplicate-or-split","","","","","","","","shared_citation","The official Ohio title ""Murder"" is not an exact or explicitly reviewed mapping for the catalog label."
"oh-criminally-negligent-homicide","Criminally Negligent Homicide","2903.05","Ohio Rev. Code Ann. § 2903.05","https://codes.ohio.gov/ohio-revised-code/section-2903.05","Negligent homicide","official-title-mismatch","","false","Does the official Ohio title cover this catalog offense, or should the row be renamed or reclassified?","correct-or-reclassify","","","","","","","","semantic_conflict","The official Ohio title ""Negligent homicide"" is not an exact or explicitly reviewed mapping for the catalog label."
"oh-vehicular-homicide","Vehicular Homicide","2903.06","Ohio Rev. Code Ann. § 2903.06","https://codes.ohio.gov/ohio-revised-code/section-2903.06","Aggravated vehicular homicide - vehicular homicide - vehicular manslaughter","official-title-mismatch","","false","Does the official Ohio title cover this catalog offense, or should the row be renamed or reclassified?","correct-or-reclassify","","","","","","","","semantic_conflict","The official Ohio title ""Aggravated vehicular homicide - vehicular homicide - vehicular manslaughter"" is not an exact or explicitly reviewed mapping for the catalog label."
"oh-felony-murder","Felony Murder","2903.02","Ohio Rev. Code Ann. § 2903.02","https://codes.ohio.gov/ohio-revised-code/section-2903.02","Murder","shared-citation-cluster","oh-murder-in-the-second-degree","true","Are these distinct Ohio offenses/subsections, or should one row be the canonical catalog entry?","deduplicate-or-split","","","","","","","","shared_citation","The official Ohio title ""Murder"" is not an exact or explicitly reviewed mapping for the catalog label."
"oh-assault-with-deadly-weapon","Assault with Deadly Weapon","2903.11","Ohio Rev. Code Ann. § 2903.11(A)(2)","https://codes.ohio.gov/ohio-revised-code/section-2903.11","Felonious assault","official-title-mismatch","","false","Does the official Ohio title cover this catalog offense, or should the row be renamed or reclassified?","correct-or-reclassify","","","","","","","","semantic_conflict","The official Ohio title ""Felonious assault"" is not an exact or explicitly reviewed mapping for the catalog label."
"oh-sexual-assault-in-the-second-degree","Sexual Assault in the Second Degree","2907.03","Ohio Rev. Code Ann. § 2907.03","https://codes.ohio.gov/ohio-revised-code/section-2907.03","Sexual battery","official-title-mismatch","","false","Does the official Ohio title cover this catalog offense, or should the row be renamed or reclassified?","correct-or-reclassify","","","","","","","","semantic_conflict","The official Ohio title ""Sexual battery"" is not an exact or explicitly reviewed mapping for the catalog label."
"oh-statutory-rape","Statutory Rape","2907.04","Ohio Rev. Code Ann. § 2907.04","https://codes.ohio.gov/ohio-revised-code/section-2907.04","Unlawful sexual conduct with minor","official-title-mismatch","","false","Does the official Ohio title cover this catalog offense, or should the row be renamed or reclassified?","correct-or-reclassify","","","","","","","","semantic_conflict","The official Ohio title ""Unlawful sexual conduct with minor"" is not an exact or explicitly reviewed mapping for the catalog label."
"oh-child-sexual-abuse","Child Sexual Abuse","2907.05","Ohio Rev. Code Ann. § 2907.05","https://codes.ohio.gov/ohio-revised-code/section-2907.05","Gross sexual imposition","shared-citation-cluster","oh-sexual-assault-in-the-third-degree","true","Are these distinct Ohio offenses/subsections, or should one row be the canonical catalog entry?","deduplicate-or-split","","","","","","","","shared_citation","The official Ohio title ""Gross sexual imposition"" is not an exact or explicitly reviewed mapping for the catalog label."
"oh-sexual-exploitation-of-minor","Sexual Exploitation of Minor","2907.321","Ohio Rev. Code Ann. § 2907.321","https://codes.ohio.gov/ohio-revised-code/section-2907.321","Pandering obscenity involving a minor or impaired person","official-title-mismatch","","false","Does the official Ohio title cover this catalog offense, or should the row be renamed or reclassified?","correct-or-reclassify","","","","","","","","semantic_conflict","The official Ohio title ""Pandering obscenity involving a minor or impaired person"" is not an exact or explicitly reviewed mapping for the catalog label."
"oh-petty-theft","Petty Theft","2913.02","Ohio Rev. Code Ann. § 2913.02","https://codes.ohio.gov/ohio-revised-code/section-2913.02","Theft","shared-citation-cluster","oh-auto-burglary;oh-shoplifting;oh-wire-fraud","true","Are these distinct Ohio offenses/subsections, or should one row be the canonical catalog entry?","deduplicate-or-split","","","","","","","","shared_citation","The official Ohio title ""Theft"" is not an exact or explicitly reviewed mapping for the catalog label."
"oh-theft-by-receiving","Theft by Receiving","2913.51","Ohio Rev. Code Ann. § 2913.51","https://codes.ohio.gov/ohio-revised-code/section-2913.51","Receiving stolen property","official-title-mismatch","","false","Does the official Ohio title cover this catalog offense, or should the row be renamed or reclassified?","correct-or-reclassify","","","","","","","","semantic_conflict","The official Ohio title ""Receiving stolen property"" is not an exact or explicitly reviewed mapping for the catalog label."
"oh-credit-card-fraud","Credit Card Fraud","2913.21","Ohio Rev. Code Ann. § 2913.21","https://codes.ohio.gov/ohio-revised-code/section-2913.21","Misuse of credit cards","official-title-mismatch","","false","Does the official Ohio title cover this catalog offense, or should the row be renamed or reclassified?","correct-or-reclassify","","","","","","","","semantic_conflict","The official Ohio title ""Misuse of credit cards"" is not an exact or explicitly reviewed mapping for the catalog label."
"oh-embezzlement","Embezzlement","2913.02","Ohio Rev. Code Ann. § 2913.02(A)(2)","https://codes.ohio.gov/ohio-revised-code/section-2913.02","Theft","official-title-mismatch","","false","Does the official Ohio title cover this catalog offense, or should the row be renamed or reclassified?","correct-or-reclassify","","","","","","","","semantic_conflict","The official Ohio title ""Theft"" is not an exact or explicitly reviewed mapping for the catalog label."
"oh-shoplifting","Shoplifting","2913.02","Ohio Rev. Code Ann. § 2913.02","https://codes.ohio.gov/ohio-revised-code/section-2913.02","Theft","shared-citation-cluster","oh-auto-burglary;oh-petty-theft;oh-wire-fraud","true","Are these distinct Ohio offenses/subsections, or should one row be the canonical catalog entry?","deduplicate-or-split","","","","","","","","shared_citation","The official Ohio title ""Theft"" is not an exact or explicitly reviewed mapping for the catalog label."
"oh-burglary-in-the-first-degree","Burglary in the First Degree","2911.11","Ohio Rev. Code Ann. § 2911.11","https://codes.ohio.gov/ohio-revised-code/section-2911.11","Aggravated burglary","official-title-mismatch","","false","Does the official Ohio title cover this catalog offense, or should the row be renamed or reclassified?","correct-or-reclassify","","","","","","","","semantic_conflict","The official Ohio title ""Aggravated burglary"" is not an exact or explicitly reviewed mapping for the catalog label."
"oh-residential-burglary","Residential Burglary","2911.12","Ohio Rev. Code Ann. § 2911.12","https://codes.ohio.gov/ohio-revised-code/section-2911.12","Burglary","shared-citation-cluster","oh-commercial-burglary","true","Are these distinct Ohio offenses/subsections, or should one row be the canonical catalog entry?","deduplicate-or-split","","","","","","","","shared_citation","The official Ohio title ""Burglary"" is not an exact or explicitly reviewed mapping for the catalog label."
"oh-commercial-burglary","Commercial Burglary","2911.12","Ohio Rev. Code Ann. § 2911.12","https://codes.ohio.gov/ohio-revised-code/section-2911.12","Burglary","shared-citation-cluster","oh-residential-burglary","true","Are these distinct Ohio offenses/subsections, or should one row be the canonical catalog entry?","deduplicate-or-split","","","","","","","","shared_citation","The official Ohio title ""Burglary"" is not an exact or explicitly reviewed mapping for the catalog label."
"oh-possession-of-controlled-substance","Possession of Controlled Substance","2925.11","Ohio Rev. Code Ann. § 2925.11","https://codes.ohio.gov/ohio-revised-code/section-2925.11","Possession of controlled substances","shared-citation-cluster","oh-possession-marijuana","true","Are these distinct Ohio offenses/subsections, or should one row be the canonical catalog entry?","deduplicate-or-split","","","","","","","","shared_citation","The official Ohio title ""Possession of controlled substances"" is not an exact or explicitly reviewed mapping for the catalog label."
"oh-possession-with-intent-to-distribute","Possession with Intent to Distribute","2925.03","Ohio Rev. Code Ann. § 2925.03(A)(2)","https://codes.ohio.gov/ohio-revised-code/section-2925.03","Trafficking, aggravated trafficking in drugs","official-title-mismatch","","false","Does the official Ohio title cover this catalog offense, or should the row be renamed or reclassified?","correct-or-reclassify","","","","","","","","semantic_conflict","The official Ohio title ""Trafficking, aggravated trafficking in drugs"" is not an exact or explicitly reviewed mapping for the catalog label."
"oh-distribution-of-controlled-substance","Distribution of Controlled Substance","2925.03","Ohio Rev. Code Ann. § 2925.03","https://codes.ohio.gov/ohio-revised-code/section-2925.03","Trafficking, aggravated trafficking in drugs","shared-citation-cluster","oh-drug-trafficking","true","Are these distinct Ohio offenses/subsections, or should one row be the canonical catalog entry?","deduplicate-or-split","","","","","","","","shared_citation","The official Ohio title ""Trafficking, aggravated trafficking in drugs"" is not an exact or explicitly reviewed mapping for the catalog label."
"oh-manufacturing-controlled-substance","Manufacturing Controlled Substance","2925.04","Ohio Rev. Code Ann. § 2925.04","https://codes.ohio.gov/ohio-revised-code/section-2925.04","Illegal manufacture of drugs - illegal cultivation of marihuana - methamphetamine offenses","official-title-mismatch","","false","Does the official Ohio title cover this catalog offense, or should the row be renamed or reclassified?","correct-or-reclassify","","","","","","","","semantic_conflict","The official Ohio title ""Illegal manufacture of drugs - illegal cultivation of marihuana - methamphetamine offenses"" is not an exact or explicitly reviewed mapping for the catalog label."
"oh-drug-trafficking","Drug Trafficking","2925.03","Ohio Rev. Code Ann. § 2925.03","https://codes.ohio.gov/ohio-revised-code/section-2925.03","Trafficking, aggravated trafficking in drugs","shared-citation-cluster","oh-distribution-of-controlled-substance","true","Are these distinct Ohio offenses/subsections, or should one row be the canonical catalog entry?","deduplicate-or-split","","","","","","","","shared_citation","The official Ohio title ""Trafficking, aggravated trafficking in drugs"" is not an exact or explicitly reviewed mapping for the catalog label."
"oh-possession-of-drug-paraphernalia","Possession of Drug Paraphernalia","2925.14","Ohio Rev. Code Ann. § 2925.14","https://codes.ohio.gov/ohio-revised-code/section-2925.14","Illegal use or possession of drug paraphernalia","official-title-mismatch","","false","Does the official Ohio title cover this catalog offense, or should the row be renamed or reclassified?","correct-or-reclassify","","","","","","","","semantic_conflict","The official Ohio title ""Illegal use or possession of drug paraphernalia"" is not an exact or explicitly reviewed mapping for the catalog label."
"oh-unlawful-carrying-of-weapon","Unlawful Carrying of Weapon","2923.12","Ohio Rev. Code Ann. § 2923.12","https://codes.ohio.gov/ohio-revised-code/section-2923.12","Carrying concealed weapons","official-title-mismatch","","false","Does the official Ohio title cover this catalog offense, or should the row be renamed or reclassified?","correct-or-reclassify","","","","","","","","semantic_conflict","The official Ohio title ""Carrying concealed weapons"" is not an exact or explicitly reviewed mapping for the catalog label."
"oh-felon-in-possession-of-firearm","Felon in Possession of Firearm","2923.13","Ohio Rev. Code Ann. § 2923.13","https://codes.ohio.gov/ohio-revised-code/section-2923.13","Having weapons while under disability","official-title-mismatch","","false","Does the official Ohio title cover this catalog offense, or should the row be renamed or reclassified?","correct-or-reclassify","","","","","","","","semantic_conflict","The official Ohio title ""Having weapons while under disability"" is not an exact or explicitly reviewed mapping for the catalog label."
"oh-possession-of-prohibited-weapon","Possession of Prohibited Weapon","2923.17","Ohio Rev. Code Ann. § 2923.17","https://codes.ohio.gov/ohio-revised-code/section-2923.17","Unlawful possession of dangerous ordnance - illegally manufacturing or processing explosives","official-title-mismatch","","false","Does the official Ohio title cover this catalog offense, or should the row be renamed or reclassified?","correct-or-reclassify","","","","","","","","semantic_conflict","The official Ohio title ""Unlawful possession of dangerous ordnance - illegally manufacturing or processing explosives"" is not an exact or explicitly reviewed mapping for the catalog label."
"oh-mail-fraud","Mail Fraud","2913.02","Ohio Rev. Code Ann. § 2913.02(A)(3)","https://codes.ohio.gov/ohio-revised-code/section-2913.02","Theft","official-title-mismatch","","false","Does the official Ohio title cover this catalog offense, or should the row be renamed or reclassified?","correct-or-reclassify","","","","","","","","semantic_conflict","The official Ohio title ""Theft"" is not an exact or explicitly reviewed mapping for the catalog label."
"oh-check-fraud","Check Fraud","2913.11","Ohio Rev. Code Ann. § 2913.11","https://codes.ohio.gov/ohio-revised-code/section-2913.11","Passing bad checks","official-title-mismatch","","false","Does the official Ohio title cover this catalog offense, or should the row be renamed or reclassified?","correct-or-reclassify","","","","","","","","semantic_conflict","The official Ohio title ""Passing bad checks"" is not an exact or explicitly reviewed mapping for the catalog label."
"oh-forgery","Forgery","2913.31","Ohio Rev. Code Ann. § 2913.31","https://codes.ohio.gov/ohio-revised-code/section-2913.31","Forgery - Forging identification cards or selling or distributing forged identification cards","official-title-mismatch","","false","Does the official Ohio title cover this catalog offense, or should the row be renamed or reclassified?","correct-or-reclassify","","","","","","","","semantic_conflict","The official Ohio title ""Forgery - Forging identification cards or selling or distributing forged identification cards"" is not an exact or explicitly reviewed mapping for the catalog label."
"oh-computer-fraud","Computer Fraud","2913.04","Ohio Rev. Code Ann. § 2913.04","https://codes.ohio.gov/ohio-revised-code/section-2913.04","Unauthorized use of property - computer, cable, or telecommunication property","official-title-mismatch","","false","Does the official Ohio title cover this catalog offense, or should the row be renamed or reclassified?","correct-or-reclassify","","","","","","","","semantic_conflict","The official Ohio title ""Unauthorized use of property - computer, cable, or telecommunication property"" is not an exact or explicitly reviewed mapping for the catalog label."
"oh-public-intoxication","Public Intoxication","2917.11","Ohio Rev. Code Ann. § 2917.11","https://codes.ohio.gov/ohio-revised-code/section-2917.11","Disorderly conduct","shared-citation-cluster","oh-disorderly-conduct;oh-panhandling","true","Are these distinct Ohio offenses/subsections, or should one row be the canonical catalog entry?","deduplicate-or-split","","","","","","","","shared_citation","The official Ohio title ""Disorderly conduct"" is not an exact or explicitly reviewed mapping for the catalog label."
"oh-loitering","Loitering","2917.11","Ohio Rev. Code Ann. § 2917.11(A)(5)","https://codes.ohio.gov/ohio-revised-code/section-2917.11","Disorderly conduct","official-title-mismatch","","false","Does the official Ohio title cover this catalog offense, or should the row be renamed or reclassified?","correct-or-reclassify","","","","","","","","semantic_conflict","The official Ohio title ""Disorderly conduct"" is not an exact or explicitly reviewed mapping for the catalog label."
"oh-dui-first-offense","DUI First Offense","4511.19","Ohio Rev. Code Ann. § 4511.19","https://codes.ohio.gov/ohio-revised-code/section-4511.19","Operating vehicle under the influence of alcohol or drugs - OVI","shared-citation-cluster","oh-ovi","true","Are these distinct Ohio offenses/subsections, or should one row be the canonical catalog entry?","deduplicate-or-split","","","","","","","","shared_citation","The official Ohio title ""Operating vehicle under the influence of alcohol or drugs - OVI"" is not an exact or explicitly reviewed mapping for the catalog label."
"oh-dui-second-offense","DUI Second Offense","4511.19","Ohio Rev. Code Ann. § 4511.19(G)(1)(b)","https://codes.ohio.gov/ohio-revised-code/section-4511.19","Operating vehicle under the influence of alcohol or drugs - OVI","official-title-mismatch","","false","Does the official Ohio title cover this catalog offense, or should the row be renamed or reclassified?","correct-or-reclassify","","","","","","","","semantic_conflict","The official Ohio title ""Operating vehicle under the influence of alcohol or drugs - OVI"" is not an exact or explicitly reviewed mapping for the catalog label."
"oh-dui-third-offense","DUI Third Offense","4511.19","Ohio Rev. Code Ann. § 4511.19(G)(1)(c)","https://codes.ohio.gov/ohio-revised-code/section-4511.19","Operating vehicle under the influence of alcohol or drugs - OVI","official-title-mismatch","","false","Does the official Ohio title cover this catalog offense, or should the row be renamed or reclassified?","correct-or-reclassify","","","","","","","","semantic_conflict","The official Ohio title ""Operating vehicle under the influence of alcohol or drugs - OVI"" is not an exact or explicitly reviewed mapping for the catalog label."
"oh-reckless-driving","Reckless Driving","4511.20","Ohio Rev. Code Ann. § 4511.20","https://codes.ohio.gov/ohio-revised-code/section-4511.20","Operation in willful or wanton disregard of the safety of persons or property","shared-citation-cluster","oh-reckless-driving-criminal","true","Are these distinct Ohio offenses/subsections, or should one row be the canonical catalog entry?","deduplicate-or-split","","","","","","","","shared_citation","The official Ohio title ""Operation in willful or wanton disregard of the safety of persons or property"" is not an exact or explicitly reviewed mapping for the catalog label."
"oh-hit-and-run","Hit and Run","4549.02","Ohio Rev. Code Ann. § 4549.02","https://codes.ohio.gov/ohio-revised-code/section-4549.02","Stopping after accident on public roads or highways","official-title-mismatch","","false","Does the official Ohio title cover this catalog offense, or should the row be renamed or reclassified?","correct-or-reclassify","","","","","","","","semantic_conflict","The official Ohio title ""Stopping after accident on public roads or highways"" is not an exact or explicitly reviewed mapping for the catalog label."
"oh-assault-simple","Simple Assault","2903.13","Ohio Rev. Code Ann. § 2903.13","https://codes.ohio.gov/ohio-revised-code/section-2903.13","Assault","official-title-mismatch","","false","Does the official Ohio title cover this catalog offense, or should the row be renamed or reclassified?","correct-or-reclassify","","","","","","","","semantic_conflict","The official Ohio title ""Assault"" is not an exact or explicitly reviewed mapping for the catalog label."
"oh-ovi","OVI","4511.19","Ohio Rev. Code Ann. § 4511.19","https://codes.ohio.gov/ohio-revised-code/section-4511.19","Operating vehicle under the influence of alcohol or drugs - OVI","shared-citation-cluster","oh-dui-first-offense","true","Are these distinct Ohio offenses/subsections, or should one row be the canonical catalog entry?","deduplicate-or-split","","","","","","","","shared_citation","The official Ohio title ""Operating vehicle under the influence of alcohol or drugs - OVI"" is not an exact or explicitly reviewed mapping for the catalog label."
"oh-possession-marijuana","Possession of Marijuana","2925.11","Ohio Rev. Code Ann. § 2925.11","https://codes.ohio.gov/ohio-revised-code/section-2925.11","Possession of controlled substances","shared-citation-cluster","oh-possession-of-controlled-substance","true","Are these distinct Ohio offenses/subsections, or should one row be the canonical catalog entry?","deduplicate-or-split","","","","","","","","shared_citation","The official Ohio title ""Possession of controlled substances"" is not an exact or explicitly reviewed mapping for the catalog label."
"oh-criminal-damaging","Criminal Damaging","2909.06","Ohio Rev. Code Ann. § 2909.06","https://codes.ohio.gov/ohio-revised-code/section-2909.06","Criminal damaging or endangering","official-title-mismatch","","false","Does the official Ohio title cover this catalog offense, or should the row be renamed or reclassified?","correct-or-reclassify","","","","","","","","semantic_conflict","The official Ohio title ""Criminal damaging or endangering"" is not an exact or explicitly reviewed mapping for the catalog label."
"oh-driving-under-suspension","Driving Under Suspension","4510.11","Ohio Rev. Code Ann. § 4510.11","https://codes.ohio.gov/ohio-revised-code/section-4510.11","Driving under suspension or in violation of license restriction","official-title-mismatch","","false","Does the official Ohio title cover this catalog offense, or should the row be renamed or reclassified?","correct-or-reclassify","","","","","","","","semantic_conflict","The official Ohio title ""Driving under suspension or in violation of license restriction"" is not an exact or explicitly reviewed mapping for the catalog label."
"oh-failure-to-appear","Failure to Appear","2937.99","Ohio Rev. Code Ann. § 2937.99","https://codes.ohio.gov/ohio-revised-code/section-2937.99","Penalty","official-title-mismatch","","false","Does the official Ohio title cover this catalog offense, or should the row be renamed or reclassified?","correct-or-reclassify","","","","","","","","semantic_conflict","The official Ohio title ""Penalty"" is not an exact or explicitly reviewed mapping for the catalog label."
"oh-probation-violation","Probation Violation","2951.08","Ohio Rev. Code Ann. § 2951.08","https://codes.ohio.gov/ohio-revised-code/section-2951.08","Conditions for arrest of person on probation or under community control sanction","official-title-mismatch","","false","Does the official Ohio title cover this catalog offense, or should the row be renamed or reclassified?","correct-or-reclassify","","","","","","","","semantic_conflict","The official Ohio title ""Conditions for arrest of person on probation or under community control sanction"" is not an exact or explicitly reviewed mapping for the catalog label."
"oh-resisting-arrest","Resisting Arrest / Obstruction","2921.33","Ohio Rev. Code Ann. § 2921.33","https://codes.ohio.gov/ohio-revised-code/section-2921.33","Resisting arrest","official-title-mismatch","","false","Does the official Ohio title cover this catalog offense, or should the row be renamed or reclassified?","correct-or-reclassify","","","","","","","","semantic_conflict","The official Ohio title ""Resisting arrest"" is not an exact or explicitly reviewed mapping for the catalog label."
"oh-protective-order-violation","Violation of Protective Order","2919.27","Ohio Rev. Code Ann. § 2919.27","https://codes.ohio.gov/ohio-revised-code/section-2919.27","Violating protection order","official-title-mismatch","","false","Does the official Ohio title cover this catalog offense, or should the row be renamed or reclassified?","correct-or-reclassify","","","","","","","","semantic_conflict","The official Ohio title ""Violating protection order"" is not an exact or explicitly reviewed mapping for the catalog label."
"oh-open-container","Open Container Violation","4301.62","Ohio Rev. Code Ann. § 4301.62","https://codes.ohio.gov/ohio-revised-code/section-4301.62","Opened container of beer or intoxicating liquor prohibited at certain premises","shared-citation-cluster","oh-alcohol-in-park","true","Are these distinct Ohio offenses/subsections, or should one row be the canonical catalog entry?","deduplicate-or-split","","","","","","","","shared_citation","The official Ohio title ""Opened container of beer or intoxicating liquor prohibited at certain premises"" is not an exact or explicitly reviewed mapping for the catalog label."
"oh-minor-in-possession","Minor in Possession of Alcohol","4301.69","Ohio Rev. Code Ann. § 4301.69(E)","https://codes.ohio.gov/ohio-revised-code/section-4301.69","Underage persons offenses concerning","official-title-mismatch","","false","Does the official Ohio title cover this catalog offense, or should the row be renamed or reclassified?","correct-or-reclassify","","","","","","","","semantic_conflict","The official Ohio title ""Underage persons offenses concerning"" is not an exact or explicitly reviewed mapping for the catalog label."
"oh-false-info-to-police","Providing False Information to Police","2921.13","Ohio Rev. Code Ann. § 2921.13","https://codes.ohio.gov/ohio-revised-code/section-2921.13","Falsification - in theft offense - to purchase firearm","official-title-mismatch","","false","Does the official Ohio title cover this catalog offense, or should the row be renamed or reclassified?","correct-or-reclassify","","","","","","","","semantic_conflict","The official Ohio title ""Falsification - in theft offense - to purchase firearm"" is not an exact or explicitly reviewed mapping for the catalog label."
"oh-contempt-of-court","Contempt of Court","2705.02","Ohio Rev. Code Ann. § 2705.02","https://codes.ohio.gov/ohio-revised-code/section-2705.02","Acts in contempt of court","official-title-mismatch","","false","Does the official Ohio title cover this catalog offense, or should the row be renamed or reclassified?","correct-or-reclassify","","","","","","","","semantic_conflict","The official Ohio title ""Acts in contempt of court"" is not an exact or explicitly reviewed mapping for the catalog label."
"oh-driving-without-insurance","Driving Without Insurance","4509.101","Ohio Rev. Code Ann. § 4509.101","https://codes.ohio.gov/ohio-revised-code/section-4509.101","Operating of motor vehicle without proof of financial responsibility","official-title-mismatch","","false","Does the official Ohio title cover this catalog offense, or should the row be renamed or reclassified?","correct-or-reclassify","","","","","","","","semantic_conflict","The official Ohio title ""Operating of motor vehicle without proof of financial responsibility"" is not an exact or explicitly reviewed mapping for the catalog label."
"oh-expired-registration","Driving with Expired Registration","4503.11","Ohio Rev. Code Ann. § 4503.11","https://codes.ohio.gov/ohio-revised-code/section-4503.11","Owner required to file application - taxes","shared-citation-cluster","oh-unregistered-vehicle","true","Are these distinct Ohio offenses/subsections, or should one row be the canonical catalog entry?","deduplicate-or-split","","","","","","","","shared_citation","The official Ohio title ""Owner required to file application - taxes"" is not an exact or explicitly reviewed mapping for the catalog label."
"oh-failure-to-pay-child-support","Criminal Nonsupport / Failure to Pay Child Support","2919.21","Ohio Rev. Code Ann. § 2919.21","https://codes.ohio.gov/ohio-revised-code/section-2919.21","Nonsupport or contributing to nonsupport of dependents","official-title-mismatch","","false","Does the official Ohio title cover this catalog offense, or should the row be renamed or reclassified?","correct-or-reclassify","","","","","","","","semantic_conflict","The official Ohio title ""Nonsupport or contributing to nonsupport of dependents"" is not an exact or explicitly reviewed mapping for the catalog label."
"oh-indecent-exposure","Indecent Exposure / Public Urination","2907.09","Ohio Rev. Code Ann. § 2907.09","https://codes.ohio.gov/ohio-revised-code/section-2907.09","Public indecency","official-title-mismatch","","false","Does the official Ohio title cover this catalog offense, or should the row be renamed or reclassified?","correct-or-reclassify","","","","","","","","semantic_conflict","The official Ohio title ""Public indecency"" is not an exact or explicitly reviewed mapping for the catalog label."
"oh-animal-at-large","Animal at Large / Leash Law Violation","955.22","Ohio Rev. Code Ann. § 955.22","https://codes.ohio.gov/ohio-revised-code/section-955.22","Vicious, dangerous, and nuisance dog acts","official-title-mismatch","","false","Does the official Ohio title cover this catalog offense, or should the row be renamed or reclassified?","correct-or-reclassify","","","","","","","","semantic_conflict","The official Ohio title ""Vicious, dangerous, and nuisance dog acts"" is not an exact or explicitly reviewed mapping for the catalog label."
"oh-animal-cruelty-misdemeanor","Animal Cruelty (Misdemeanor)","959.13","Ohio Rev. Code Ann. § 959.13","https://codes.ohio.gov/ohio-revised-code/section-959.13","Cruelty to animals","official-title-mismatch","","false","Does the official Ohio title cover this catalog offense, or should the row be renamed or reclassified?","correct-or-reclassify","","","","","","","","semantic_conflict","The official Ohio title ""Cruelty to animals"" is not an exact or explicitly reviewed mapping for the catalog label."
"oh-panhandling","Panhandling / Aggressive Solicitation","2917.11","Ohio Rev. Code Ann. § 2917.11","https://codes.ohio.gov/ohio-revised-code/section-2917.11","Disorderly conduct","shared-citation-cluster","oh-disorderly-conduct;oh-public-intoxication","true","Are these distinct Ohio offenses/subsections, or should one row be the canonical catalog entry?","deduplicate-or-split","","","","","","","","shared_citation","The official Ohio title ""Disorderly conduct"" is not an exact or explicitly reviewed mapping for the catalog label."
"oh-trespass-after-warning","Trespass After Warning / Return After Ban","2911.21","Ohio Rev. Code Ann. § 2911.21(A)(1)","https://codes.ohio.gov/ohio-revised-code/section-2911.21","Criminal trespass","official-title-mismatch","","false","Does the official Ohio title cover this catalog offense, or should the row be renamed or reclassified?","correct-or-reclassify","","","","","","","","semantic_conflict","The official Ohio title ""Criminal trespass"" is not an exact or explicitly reviewed mapping for the catalog label."
"oh-truancy","Truancy / Chronic Absenteeism","3321.38","Ohio Rev. Code Ann. § 3321.38","https://codes.ohio.gov/ohio-revised-code/section-3321.38","Prohibiting failure to send child to school","official-title-mismatch","","false","Does the official Ohio title cover this catalog offense, or should the row be renamed or reclassified?","correct-or-reclassify","","","","","","","","semantic_conflict","The official Ohio title ""Prohibiting failure to send child to school"" is not an exact or explicitly reviewed mapping for the catalog label."
"oh-littering","Littering / Illegal Dumping","3767.32","Ohio Rev. Code Ann. § 3767.32","https://codes.ohio.gov/ohio-revised-code/section-3767.32","Littering","official-title-mismatch","","false","Does the official Ohio title cover this catalog offense, or should the row be renamed or reclassified?","correct-or-reclassify","","","","","","","","semantic_conflict","The official Ohio title ""Littering"" is not an exact or explicitly reviewed mapping for the catalog label."
"oh-illegal-fireworks","Illegal Discharge of Fireworks","3743.65","Ohio Rev. Code Ann. § 3743.65","https://codes.ohio.gov/ohio-revised-code/section-3743.65","Possession, sale, and use restrictions","official-title-mismatch","","false","Does the official Ohio title cover this catalog offense, or should the row be renamed or reclassified?","correct-or-reclassify","","","","","","","","semantic_conflict","The official Ohio title ""Possession, sale, and use restrictions"" is not an exact or explicitly reviewed mapping for the catalog label."
"oh-alcohol-in-park","Possession of Alcohol in Park / Prohibited Area","4301.62","Ohio Rev. Code Ann. § 4301.62","https://codes.ohio.gov/ohio-revised-code/section-4301.62","Opened container of beer or intoxicating liquor prohibited at certain premises","shared-citation-cluster","oh-open-container","true","Are these distinct Ohio offenses/subsections, or should one row be the canonical catalog entry?","deduplicate-or-split","","","","","","","","shared_citation","The official Ohio title ""Opened container of beer or intoxicating liquor prohibited at certain premises"" is not an exact or explicitly reviewed mapping for the catalog label."
