chargeId,catalogLabel,proposedAlias,citation,subdivision,officialCodeUrl,approvedDisplayName,decision,reviewer,reviewedAt,note
nc-accessory-after-the-fact,Accessory After the Fact,Accessories after the fact; trial and punishment,N.C. Gen. Stat. § 14-7,Whole section,https://www.ncleg.gov/EnactedLegislation/Statutes/HTML/BySection/Chapter_14/GS_14-7.html,Accessory After the Fact,approve,Shahab Asghar,2026-09-02,https://www.ncleg.gov/EnactedLegislation/Statutes/HTML/BySection/Chapter_14/GS_14-7.html
nc-aggravated-assault,Aggravated Assault,Felonious assault with deadly weapon with intent to kill or inflicting serious injury; punishments,N.C. Gen. Stat. § 14-32,Whole section,https://www.ncleg.gov/EnactedLegislation/Statutes/HTML/BySection/Chapter_14/GS_14-32.html,"Assault with Deadly Weapon, Intend to Kill or Seriously Injure",approve,Shahab Asghar,2026-09-02,https://www.ncleg.gov/EnactedLegislation/Statutes/HTML/BySection/Chapter_14/GS_14-32.html
nc-aiding-and-abetting,Aiding and Abetting / Accomplice Liability,Accessory before fact punishable as principal felon,N.C. Gen. Stat. § 14-5.2,Whole section,https://www.ncleg.gov/EnactedLegislation/Statutes/HTML/BySection/Chapter_14/GS_14-5.2.html,Accessory Before the Fact,approve,Shahab Asghar,2026-09-02,https://www.ncleg.gov/EnactedLegislation/Statutes/HTML/BySection/Chapter_14/GS_14-32.html
nc-alcohol-in-park,Possession of Alcohol in Park / Prohibited Area,Possession and consumption of fortified wine and spirituous liquor,N.C. Gen. Stat. § 18B-301(f),(f),https://www.ncleg.gov/EnactedLegislation/Statutes/HTML/BySection/Chapter_18B/GS_18B-301.html,Unlawful Possession and Consumption of Alcohol,approve,Shahab Asghar,2026-09-02,https://www.ncleg.gov/EnactedLegislation/Statutes/HTML/BySection/Chapter_18B/GS_18B-301.html
nc-animal-at-large,Animal at Large / Leash Law Violation,Permitting dogs to run at large at night; penalty; liability for damage,N.C. Gen. Stat. § 67-12,Whole section,https://www.ncleg.gov/EnactedLegislation/Statutes/HTML/BySection/Chapter_67/GS_67-12.html,Unaccompanied Dog at Night,approve,Shahab Asghar,2026-09-02,https://www.ncleg.gov/EnactedLegislation/Statutes/HTML/BySection/Chapter_67/GS_67-12.html
nc-assault-in-the-first-degree,Assault in the First Degree,Felonious assault with deadly weapon with intent to kill or inflicting serious injury; punishments,N.C. Gen. Stat. § 14-32,Whole section,https://www.ncleg.gov/EnactedLegislation/Statutes/HTML/BySection/Chapter_14/GS_14-32.html,Assault with a Deadly Weapon,reject,Shahab Asghar,2026-09-02,"This should be split up into separate charges based on subsection, since they have different charge classes 1)  ""Assault with a Deadly Weapon with Intent to Kill and Serious Injury"" (a); 2_ ""Assault with a Deadly Weapon with Serious Injury"" (b); 3) ""Assault with a Deadly Weapon with Intent to Kill"" (c); 4) Assault  with a Deadly Weapon on Emergency Worker with Serious Injury"" (d); and 5) Assault with a Deadly Weapon on Emergency Worker with Intent to Kill."
nc-assault-in-the-second-degree,Assault in the Second Degree,Assaults on individuals with a disability; punishments,N.C. Gen. Stat. § 14-32.1,Whole section,https://www.ncleg.gov/EnactedLegislation/Statutes/HTML/BySection/Chapter_14/GS_14-32.1.html,Asssault on a Disabled Individual,approve,Shahab Asghar,2026-09-02,https://www.ncleg.gov/EnactedLegislation/Statutes/HTML/BySection/Chapter_14/GS_14-32.1.html
nc-assault-in-the-third-degree,Assault in the Third Degree,"Misdemeanor assaults, batteries, and affrays, simple and aggravated; punishments",N.C. Gen. Stat. § 14-33(a),(a),https://www.ncleg.gov/EnactedLegislation/Statutes/HTML/BySection/Chapter_14/GS_14-33.html,Simple Assault and/or Battery,approve,Shahab Asghar,2026-09-02,https://www.ncleg.gov/EnactedLegislation/Statutes/HTML/BySection/Chapter_14/GS_14-33.html
nc-assault-on-peace-officer,Assault on Peace Officer,"Misdemeanor assaults, batteries, and affrays, simple and aggravated; punishments",N.C. Gen. Stat. § 14-33(c)(4),(c)(4),https://www.ncleg.gov/EnactedLegislation/Statutes/HTML/BySection/Chapter_14/GS_14-33.html,Assault and/or Battery on Officer of the State,pending,Shahab Asghar,2026-09-02,https://www.ncleg.gov/EnactedLegislation/Statutes/HTML/BySection/Chapter_14/GS_14-33.html
nc-assault-with-deadly-weapon,Assault with Deadly Weapon,"Misdemeanor assaults, batteries, and affrays, simple and aggravated; punishments",N.C. Gen. Stat. § 14-33(c)(1),(c)(1),https://www.ncleg.gov/EnactedLegislation/Statutes/HTML/BySection/Chapter_14/GS_14-33.html,Assault with Deadly Weapon and/or Serious Injury,pending,Shahab Asghar,2026-09-02,"FLAG - this provision has other charges/circumstances in subjection (c) that are not covered on this sheet. Eg. Assault on a woman or pregnant woman (c)(2), Assault on a child under 12 (c)(3); Assault on a School Official (c)(6), Assault on a Public Transit Officer (c)(7), Assault on a Police Officer (c)(8), and Assault on a Transport Network Company Driver (c)(9). If these are not covered elsewhere, let's cover them.  https://www.ncleg.gov/EnactedLegislation/Statutes/HTML/BySection/Chapter_14/GS_14-33.html"
nc-attempted-murder,Attempted Murder,Murder in the first and second degree defined; punishment,N.C. Gen. Stat. § 14-17,Whole section,https://www.ncleg.gov/EnactedLegislation/Statutes/HTML/BySection/Chapter_14/GS_14-17.html,Murder in the First Degree,reject,Shahab Asghar,2026-09-02,"This is not an attempted murder charge, this citation is for actual murder. Also there are different charges by subsection. Subsection (a) is Murder in the First Degree. Update this. Subjsection (b) is Murder in the Second Degree. "
nc-attempted-robbery,Attempted Robbery,Punishment for attempt to commit a felony or misdemeanor,N.C. Gen. Stat. § 14-2.5,Whole section,https://www.ncleg.gov/EnactedLegislation/Statutes/HTML/BySection/Chapter_14/GS_14-2.5.html,Attempt to Commit a Felony or Misdemeanor ,reject,Shahab Asghar,2026-09-02,"This is a general attempt charge, nothing to do with Robbery. Our category label is wrong. "
nc-attempted-sexual-assault,Attempted Sexual Assault,Punishment for attempt to commit a felony or misdemeanor,N.C. Gen. Stat. § 14-2.5,Whole section,https://www.ncleg.gov/EnactedLegislation/Statutes/HTML/BySection/Chapter_14/GS_14-2.5.html,Attempt to Commit a Felony or Misdemeanor ,reject,Shahab Asghar,2026-09-02,"This is a general attempt charge, nothing to do with Robbery. Our category label is wrong. "
nc-auto-burglary,Auto Burglary,"Breaking or entering into or breaking out of railroad cars, motor vehicles, trailers, aircraft, boats, or other watercraft",N.C. Gen. Stat. § 14-56,Whole section,https://www.ncleg.gov/EnactedLegislation/Statutes/HTML/BySection/Chapter_14/GS_14-56.html,Breaking and Entering Into Vehicles,approve,Shahab Asghar,2026-09-02,https://www.ncleg.gov/EnactedLegislation/Statutes/HTML/BySection/Chapter_14/GS_14-56.html
nc-bank-robbery,Bank Robbery,Robbery with firearms or other dangerous weapons,N.C. Gen. Stat. § 14-87,Whole section,https://www.ncleg.gov/EnactedLegislation/Statutes/HTML/BySection/Chapter_14/GS_14-87.html,Armed Robbery,reject,Shahab Asghar,2026-09-02,"The category is wrong - this is not bank robbery, this is general armed robbery. "
nc-burglary-in-the-first-degree,Burglary in the First Degree,First and second degree burglary,N.C. Gen. Stat. § 14-51,Whole section,https://www.ncleg.gov/EnactedLegislation/Statutes/HTML/BySection/Chapter_14/GS_14-51.html,Burglary,reject,Shahab Asghar,2026-09-02,"The category is wrong - this should be separated into two separate charges based on subjection: 1) ""Burglary in the First Degree"" (a); 2 ""Burglary in the Second Degree"" (b) "
nc-burglary-in-the-second-degree,Burglary in the Second Degree,Breaking or entering buildings generally,N.C. Gen. Stat. § 14-54,Whole section,https://www.ncleg.gov/EnactedLegislation/Statutes/HTML/BySection/Chapter_14/GS_14-54.html,Breaking and Entering - General ,reject,Shahab Asghar,2026-09-02,"The citation is correct but the category is wrong - this is Breaking & Entering, not Burglary in the Second Degree. Update. https://www.ncleg.gov/EnactedLegislation/Statutes/HTML/BySection/Chapter_14/GS_14-54.html"
nc-carjacking,Carjacking,Robbery with firearms or other dangerous weapons,N.C. Gen. Stat. § 14-87,Whole section,https://www.ncleg.gov/EnactedLegislation/Statutes/HTML/BySection/Chapter_14/GS_14-87.html,Armed Robbery,reject,Shahab Asghar,2026-09-02,"The category is wrong - this is not carjacking, this is general armed robbery. Same issue as row 16 above"
nc-check-fraud,Check Fraud,"Obtaining property in return for worthless check, draft or order",N.C. Gen. Stat. § 14-106,Whole section,https://www.ncleg.gov/EnactedLegislation/Statutes/HTML/BySection/Chapter_14/GS_14-106.html,Check Fraud,approve,Shahab Asghar,2026-09-02,https://www.ncleg.gov/EnactedLegislation/Statutes/HTML/BySection/Chapter_14/GS_14-106.html
nc-child-sexual-abuse,Child Sexual Abuse,Taking indecent liberties with children,N.C. Gen. Stat. § 14-202.1,Whole section,https://www.ncleg.gov/EnactedLegislation/Statutes/HTML/BySection/Chapter_14/GS_14-202.1.html,Child Sexual Abuse,approve,Shahab Asghar,2026-09-02,https://www.ncleg.gov/EnactedLegislation/Statutes/HTML/BySection/Chapter_14/GS_14-202.1.html
nc-commercial-burglary,Commercial Burglary,Breaking or entering buildings generally,N.C. Gen. Stat. § 14-54,Whole section,https://www.ncleg.gov/EnactedLegislation/Statutes/HTML/BySection/Chapter_14/GS_14-54.html,Breaking and Entering - General ,reject,Shahab Asghar,2026-09-02,"The citation is correct but the category is wrong - this is Breaking & Entering, not Commercial Burglary. Update. https://www.ncleg.gov/EnactedLegislation/Statutes/HTML/BySection/Chapter_14/GS_14-54.html"
nc-computer-fraud,Computer Fraud,Exceptions,N.C. Gen. Stat. § 14-453.1,Whole section,https://www.ncleg.gov/EnactedLegislation/Statutes/HTML/BySection/Chapter_14/GS_14-453.1.html,,reject,Shahab Asghar,2026-09-02,"This is not a charge, this is an exception/qualifier to a Computer Fraud charge."
nc-conspiracy,Criminal Conspiracy,Punishment for conspiracy to commit a felony,N.C. Gen. Stat. § 14-2.4,Whole section,https://www.ncleg.gov/EnactedLegislation/Statutes/HTML/BySection/Chapter_14/GS_14-2.4.html,,reject,Shahab Asghar,2026-09-02,"This is not a charge, this is just expanding on the punishment for conspiracy, not the conspiracy charge itself"
nc-contempt-of-court,Contempt of Court,Criminal contempt,N.C. Gen. Stat. § 5A-11,Whole section,https://www.ncleg.gov/EnactedLegislation/Statutes/HTML/BySection/Chapter_5A/GS_5A-11.html,Criminal Contempt ,approve,Shahab Asghar,2026-09-02,https://www.ncleg.gov/EnactedLegislation/Statutes/HTML/BySection/Chapter_5A/GS_5A-11.html
nc-credit-card-fraud,Credit Card Fraud,Financial transaction card theft,N.C. Gen. Stat. § 14-113.9,Whole section,https://www.ncleg.gov/EnactedLegislation/Statutes/HTML/BySection/Chapter_14/GS_14-113.9.html,Credit Card Theft/Fraud,approve,Shahab Asghar,2026-09-02,https://www.ncleg.gov/EnactedLegislation/Statutes/HTML/BySection/Chapter_14/GS_14-113.9.html
nc-criminal-attempt,Criminal Attempt,Punishment for attempt to commit a felony or misdemeanor,N.C. Gen. Stat. § 14-2.5,Whole section,https://www.ncleg.gov/EnactedLegislation/Statutes/HTML/BySection/Chapter_14/GS_14-2.5.html,,reject,Shahab Asghar,2026-09-02,"This is not a charge, this is just expanding on the punishment for attempt, not the attempt charge itself"
nc-criminal-solicitation,Criminal Solicitation,Punishment for solicitation to commit a felony or misdemeanor,N.C. Gen. Stat. § 14-2.6,Whole section,https://www.ncleg.gov/EnactedLegislation/Statutes/HTML/BySection/Chapter_14/GS_14-2.6.html,,reject,Shahab Asghar,2026-09-02,"This is not a charge, this is just expanding on the punishment for solicitation, not the solicitation charge itself"
nc-criminally-negligent-homicide,Criminally Negligent Homicide,Punishment for manslaughter,N.C. Gen. Stat. § 14-18,Whole section,https://www.ncleg.gov/EnactedLegislation/Statutes/HTML/BySection/Chapter_14/GS_14-18.html,,reject,Shahab Asghar,2026-09-02,"This is not a charge, this is just expanding on the punishment for manslaughter, not the manslaughter charge itself"
nc-curfew-violation,Curfew Violation,Curfews,N.C. Gen. Stat. § 153A-142,Whole section,https://www.ncleg.gov/EnactedLegislation/Statutes/HTML/BySection/Chapter_153A/GS_153A-142.html,,reject,Shahab Asghar,2026-09-02,"This is not a charge, this is just stating that a county can impose a curfew"
nc-defective-vehicle-equipment,Defective Vehicle Equipment / Broken Taillight,Trailers and towed vehicles,N.C. Gen. Stat. § 20-123,Whole section,https://www.ncleg.gov/EnactedLegislation/Statutes/HTML/BySection/Chapter_20/GS_20-123.html,,reject,Shahab Asghar,2026-09-02,"This is not a relevant charge, exclude"
nc-discharge-of-firearm-in-city,Discharge of Firearm in City,Discharging certain barreled weapons or a firearm into occupied property,N.C. Gen. Stat. § 14-34.1,Whole section,https://www.ncleg.gov/EnactedLegislation/Statutes/HTML/BySection/Chapter_14/GS_14-34.1.html,Discharge Firearm into Occupied Property,approve,Shahab Asghar,2026-09-02,https://www.ncleg.gov/EnactedLegislation/Statutes/HTML/BySection/Chapter_14/GS_14-34.1.html
nc-distribution-of-controlled-substance,Distribution of Controlled Substance,Violations; penalties,N.C. Gen. Stat. § 90-95(a)(1),(a)(1),https://www.ncleg.gov/EnactedLegislation/Statutes/HTML/BySection/Chapter_90/GS_90-95.html,Distribution or Intent to Distribute Controlled Substance,approve,Shahab Asghar,2026-09-02,"Note that there are a number of other separate charges in this section e.g. intent to distribute counterfeit substance (a)(2); possession of controlled substance (a)(3). If those aren't captured elsewhere, we should capture them. "
nc-disturbing-the-peace,Disturbing the Peace,Disorderly conduct,N.C. Gen. Stat. § 14-288.4,Whole section,https://www.ncleg.gov/EnactedLegislation/Statutes/HTML/BySection/Chapter_14/GS_14-288.4.html,,approve,Shahab Asghar,2026-09-02,https://www.ncleg.gov/EnactedLegislation/Statutes/HTML/BySection/Chapter_14/GS_14-288.4.html
nc-domestic-violence-assault,Domestic Violence Assault,Domestic violence; definition,N.C. Gen. Stat. § 50B-1,Whole section,https://www.ncleg.gov/EnactedLegislation/Statutes/HTML/BySection/Chapter_50B/GS_50B-1.html,Domestic Violence,approve,Shahab Asghar,2026-09-02,"This Is just the definition of the charge, not the punishment. "
nc-domestic-violence-protective-order-violation,DVPO Violation,Violation of valid protective order,N.C. Gen. Stat. § 50B-4.1,Whole section,https://www.ncleg.gov/EnactedLegislation/Statutes/HTML/BySection/Chapter_50B/GS_50B-4.1.html,Protective Order Violation ,approve,Shahab Asghar,2026-09-02,https://www.ncleg.gov/EnactedLegislation/Statutes/HTML/BySection/Chapter_50B/GS_50B-4.1.html
nc-driving-while-license-revoked,Driving While License Revoked,"Unlawful to drive while license revoked, after notification, or while disqualified",N.C. Gen. Stat. § 20-28,Whole section,https://www.ncleg.gov/EnactedLegislation/Statutes/HTML/BySection/Chapter_20/GS_20-28.html,Driving While License Revoked,approve,Shahab Asghar,2026-09-02,https://www.ncleg.gov/EnactedLegislation/Statutes/HTML/BySection/Chapter_20/GS_20-28.html
nc-driving-while-suspended,Driving While Suspended,"Unlawful to drive while license revoked, after notification, or while disqualified",N.C. Gen. Stat. § 20-28,Whole section,https://www.ncleg.gov/EnactedLegislation/Statutes/HTML/BySection/Chapter_20/GS_20-28.html,,reject,Shahab Asghar,2026-09-02,"This is already covered by row 37, there is no distinct charge for suspension, just revoked license"
nc-drug-school-zone-enhancement,Drug Offense in a School Zone (Proximity Enhancement),Violations; penalties,N.C. Gen. Stat. § 90-95(e)(8),(e)(8),https://www.ncleg.gov/EnactedLegislation/Statutes/HTML/BySection/Chapter_90/GS_90-95.html,Drug Offense in a School Zone,approve,Shahab Asghar,2026-09-02,"Note that there are a number of other separate charges in this section e.g. intent to distribute counterfeit substance (a)(2); possession of controlled substance (a)(3). If those aren't captured elsewhere, we should capture them. "
nc-drug-trafficking,Drug Trafficking,Violations; penalties,N.C. Gen. Stat. § 90-95(h),(h),https://www.ncleg.gov/EnactedLegislation/Statutes/HTML/BySection/Chapter_90/GS_90-95.html,Drug Trafficking,approve,Shahab Asghar,2026-09-02,"Note that there are a number of other separate charges in this section e.g. intent to distribute counterfeit substance (a)(2); possession of controlled substance (a)(3). If those aren't captured elsewhere, we should capture them. "
nc-dui-first-offense,DUI First Offense,Impaired driving,N.C. Gen. Stat. § 20-138.1,Whole section,https://www.ncleg.gov/EnactedLegislation/Statutes/HTML/BySection/Chapter_20/GS_20-138.1.html,Impaired Driving,approve,Shahab Asghar,2026-09-02,https://www.ncleg.gov/EnactedLegislation/Statutes/HTML/BySection/Chapter_20/GS_20-138.1.html
nc-dui-second-offense,DUI Second Offense,Sentencing hearing after conviction for impaired driving; determination of grossly aggravating and aggravating and mitigating factors; punishments,N.C. Gen. Stat. § 20-179(c),(c),https://www.ncleg.gov/EnactedLegislation/Statutes/HTML/BySection/Chapter_20/GS_20-179.html,,reject,Shahab Asghar,2026-09-02,"This is sentencing guidance, not a charge description. It is relevant when providing guidance on remedies, but not the underlying charge. "
nc-dui-third-offense,DUI Third Offense,Sentencing hearing after conviction for impaired driving; determination of grossly aggravating and aggravating and mitigating factors; punishments,N.C. Gen. Stat. § 20-179(d),(d),https://www.ncleg.gov/EnactedLegislation/Statutes/HTML/BySection/Chapter_20/GS_20-179.html,,reject,Shahab Asghar,2026-09-02,"This is sentencing guidance, not a charge description. It is relevant when providing guidance on remedies, but not the underlying charge. "
nc-embezzlement,Embezzlement,Embezzlement of property received by virtue of office or employment,N.C. Gen. Stat. § 14-90,Whole section,https://www.ncleg.gov/EnactedLegislation/Statutes/HTML/BySection/Chapter_14/GS_14-90.html,Embezzlement via Office or Employment,approve,Shahab Asghar,2026-09-02,https://www.ncleg.gov/EnactedLegislation/Statutes/HTML/BySection/Chapter_14/GS_14-90.html
nc-expired-inspection,Driving with Expired/No Inspection,Description of vehicles subject to safety or emissions inspection; definitions,N.C. Gen. Stat. § 20-183.2,Whole section,https://www.ncleg.gov/EnactedLegislation/Statutes/HTML/BySection/Chapter_20/GS_20-183.2.html,,reject,Shahab Asghar,2026-09-02,"This is not a criminal charge, just a description or cars subject to inspection. Remove. "
nc-expired-registration,Driving with Expired Registration,Violation of registration provisions,N.C. Gen. Stat. § 20-111,Whole section,https://www.ncleg.gov/EnactedLegislation/Statutes/HTML/BySection/Chapter_20/GS_20-111.html,Driving Without Registration,approve,Shahab Asghar,2026-09-02,https://www.ncleg.gov/EnactedLegislation/Statutes/HTML/BySection/Chapter_20/GS_20-111.html
nc-failure-to-pay-child-support,Criminal Nonsupport / Failure to Pay Child Support,Abandonment and failure to support spouse and children,N.C. Gen. Stat. § 14-322,Whole section,https://www.ncleg.gov/EnactedLegislation/Statutes/HTML/BySection/Chapter_14/GS_14-322.html,Failure to Support Spouse and Children,approve,Shahab Asghar,2026-09-02,https://www.ncleg.gov/EnactedLegislation/Statutes/HTML/BySection/Chapter_14/GS_14-322.html
nc-fake-id,Possession of Fake/Fraudulent ID,Sale to or purchase by underage persons,N.C. Gen. Stat. § 18B-302(e),(e),https://www.ncleg.gov/EnactedLegislation/Statutes/HTML/BySection/Chapter_18B/GS_18B-302.html,Fraudulent Use of Identification,approve,Shahab Asghar,2026-09-02,"This is correct for subsection (e). There are other charges in the other subsections that we should cover if we haven't already (see (a), (b), and (c) and (f). "
nc-false-info-to-police,Providing False Information to Police,False reports to law enforcement agencies or officers,N.C. Gen. Stat. § 14-225,Whole section,https://www.ncleg.gov/EnactedLegislation/Statutes/HTML/BySection/Chapter_14/GS_14-225.html,False Reports to Law Enforcement,approve,Shahab Asghar,2026-09-02,https://www.ncleg.gov/EnactedLegislation/Statutes/HTML/BySection/Chapter_14/GS_14-225.html
nc-felon-in-possession-of-firearm,Felon in Possession of Firearm,"Possession of firearms, etc., by felon prohibited",N.C. Gen. Stat. § 14-415.1,Whole section,https://www.ncleg.gov/EnactedLegislation/Statutes/HTML/BySection/Chapter_14/GS_14-415.1.html,Possession of Firearms by Felon,approve,Shahab Asghar,2026-09-02,https://www.ncleg.gov/EnactedLegislation/Statutes/HTML/BySection/Chapter_14/GS_14-415.1.html
nc-felony-murder,Felony Murder,Murder in the first and second degree defined; punishment,N.C. Gen. Stat. § 14-17,Whole section,https://www.ncleg.gov/EnactedLegislation/Statutes/HTML/BySection/Chapter_14/GS_14-17.html,,reject,Shahab Asghar,2026-09-02,This is not Felony Murder. Also there are different charges by subsection. Subsection (a) is Murder in the First Degree. Update this. Subjsection (b) is Murder in the Second Degree. Murder in the First Degree and Murder in the Second Degree should be presented as separate charges on OpenDefender. 
nc-firearm-in-felony-enhancement,Use of a Firearm in Commission of a Felony,Aggravated and mitigated sentences,N.C. Gen. Stat. § 15A-1340.16A,A,https://www.ncleg.gov/EnactedLegislation/Statutes/HTML/BySection/Chapter_15A/GS_15A-1340.16.html,,reject,Shahab Asghar,2026-09-02,"This is not a separate charge, this is guidnace on aggravating and mitigating factors in determining a sentence. Remove as a separate charge. This section provides general guidance on punishment, and what might be aggravating or mitigating factors in their case, and that's it. "
nc-forgery,Forgery,"Forgery of notes, checks, and other securities; counterfeiting of instruments",N.C. Gen. Stat. § 14-119,Whole section,https://www.ncleg.gov/EnactedLegislation/Statutes/HTML/BySection/Chapter_14/GS_14-119.html,Forgery or Counterfeiting,approve,Shahab Asghar,2026-09-02,https://www.ncleg.gov/EnactedLegislation/Statutes/HTML/BySection/Chapter_14/GS_14-119.html
nc-gang-enhancement,Criminal Street Gang Enhancement,Enhanced offense for misdemeanor criminal gang activity,N.C. Gen. Stat. § 14-50.22,Whole section,https://www.ncleg.gov/EnactedLegislation/Statutes/HTML/BySection/Chapter_14/GS_14-50.22.html,Criminal Street Gang Enhancement,approve,Shahab Asghar,2026-09-02,https://www.ncleg.gov/EnactedLegislation/Statutes/HTML/BySection/Chapter_14/GS_14-50.22.html
nc-grand-theft-in-the-first-degree,Grand Theft in the First Degree,Larceny of property; receiving stolen goods or possessing stolen goods,N.C. Gen. Stat. § 14-72,Whole section,https://www.ncleg.gov/EnactedLegislation/Statutes/HTML/BySection/Chapter_14/GS_14-72.html,Larceny - Receiving or Possesing Stolen Goods,approve,Shahab Asghar,2026-09-02,https://www.ncleg.gov/EnactedLegislation/Statutes/HTML/BySection/Chapter_14/GS_14-72.html
nc-grand-theft-in-the-second-degree,Grand Theft in the Second Degree,Larceny of property; receiving stolen goods or possessing stolen goods,N.C. Gen. Stat. § 14-72,Whole section,https://www.ncleg.gov/EnactedLegislation/Statutes/HTML/BySection/Chapter_14/GS_14-72.html,Larceny - Receiving or Possesing Stolen Goods,approve,Shahab Asghar,2026-09-02,https://www.ncleg.gov/EnactedLegislation/Statutes/HTML/BySection/Chapter_14/GS_14-72.html
nc-hate-crime-enhancement,Hate Crime Enhancement,"Punishment of misdemeanors, infamous offenses, offenses committed in secrecy and malice, or with deceit and intent to defraud, or with ethnic animosity",N.C. Gen. Stat. § 14-3(c),(c),https://www.ncleg.gov/EnactedLegislation/Statutes/HTML/BySection/Chapter_14/GS_14-3.html,Hate Crime Enhancement,approve,Shahab Asghar,2026-09-02,This is only true for subsection (c). https://www.ncleg.gov/EnactedLegislation/Statutes/HTML/BySection/Chapter_14/GS_14-3.html
nc-hit-and-run,Hit and Run,"Duty to stop in event of a crash; furnishing information or assistance to injured person, etc.; persons assisting exempt from civil liability",N.C. Gen. Stat. § 20-166,Whole section,https://www.ncleg.gov/EnactedLegislation/Statutes/HTML/BySection/Chapter_20/GS_20-166.html,Duty to Stop - Hit and Run,approve,Shahab Asghar,2026-09-02,https://www.ncleg.gov/EnactedLegislation/Statutes/HTML/BySection/Chapter_20/GS_20-166.html
nc-hunting-fishing-no-license,Fishing / Hunting Without a License,Exemptions and exceptions to license and permit requirements,N.C. Gen. Stat. § 113-276,Whole section,https://www.ncleg.gov/EnactedLegislation/Statutes/HTML/BySection/Chapter_113/GS_113-276.html,,reject,Shahab Asghar,2026-09-02,This provision is about exceptions to licensing requirements. Remove. 
nc-illegal-camping,Illegal Camping / Sleeping in Public,First degree trespass,N.C. Gen. Stat. § 14-159.12,Whole section,https://www.ncleg.gov/EnactedLegislation/Statutes/HTML/BySection/Chapter_14/GS_14-159.12.html,Trespass - First Degree,approve,Shahab Asghar,2026-09-02,https://www.ncleg.gov/EnactedLegislation/Statutes/HTML/BySection/Chapter_14/GS_14-159.12.html
nc-illegal-fireworks,Illegal Discharge of Fireworks,"Manufacture, sale and use of pyrotechnics prohibited; exceptions; license required; sale to persons under the age of 16 prohibited",N.C. Gen. Stat. § 14-410,Whole section,https://www.ncleg.gov/EnactedLegislation/Statutes/HTML/BySection/Chapter_14/GS_14-410.html,Illegal Discharge of Fireworks,approve,Shahab Asghar,2026-09-02,https://www.ncleg.gov/EnactedLegislation/Statutes/HTML/BySection/Chapter_14/GS_14-410.html
nc-indecent-exposure,Indecent Exposure / Public Urination,Indecent exposure,N.C. Gen. Stat. § 14-190.9,Whole section,https://www.ncleg.gov/EnactedLegislation/Statutes/HTML/BySection/Chapter_14/GS_14-190.9.html,Indecent exposure,approve,Shahab Asghar,2026-09-02,https://www.ncleg.gov/EnactedLegislation/Statutes/HTML/BySection/Chapter_14/GS_14-190.9.html
nc-injury-to-personal-property,Injury to Personal Property,Willful and wanton injury to personal property; punishments,N.C. Gen. Stat. § 14-160,Whole section,https://www.ncleg.gov/EnactedLegislation/Statutes/HTML/BySection/Chapter_14/GS_14-160.html,Willful and Wonton Injury to Personal Property,approve,Shahab Asghar,2026-09-02,https://www.ncleg.gov/EnactedLegislation/Statutes/HTML/BySection/Chapter_14/GS_14-160.html
nc-insurance-fraud,Insurance Fraud,False statement to procure or deny benefit of insurance policy or certificate,N.C. Gen. Stat. § 58-2-161,Whole section,https://www.ncleg.gov/EnactedLegislation/Statutes/HTML/BySection/Chapter_58/GS_58-2-161.html,Insurance Fraud,approve,Shahab Asghar,2026-09-02,https://www.ncleg.gov/EnactedLegislation/Statutes/HTML/BySection/Chapter_58/GS_58-2-161.html
nc-involuntary-manslaughter,Involuntary Manslaughter,Punishment for manslaughter,N.C. Gen. Stat. § 14-18,Whole section,https://www.ncleg.gov/EnactedLegislation/Statutes/HTML/BySection/Chapter_14/GS_14-18.html,,reject,Shahab Asghar,2026-09-02,"This provision is just about punishment, it does not cover the charge itself. "
nc-juvenile-delinquency-felony,Juvenile Delinquency Adjudication (Felony-Level Act),Definitions,N.C. Gen. Stat. § 7B-1501(7),(7),https://www.ncleg.gov/EnactedLegislation/Statutes/HTML/BySection/Chapter_7B/GS_7B-1501.html,,reject,Shahab Asghar,2026-09-02,This provision just covers definitions and should not be relied on for charges. 
nc-juvenile-delinquency-misdemeanor,Juvenile Delinquency Adjudication (Misdemeanor-Level Act),Definitions,N.C. Gen. Stat. § 7B-1501(7),(7),https://www.ncleg.gov/EnactedLegislation/Statutes/HTML/BySection/Chapter_7B/GS_7B-1501.html,,reject,Shahab Asghar,2026-09-02,This provision just covers definitions and should not be relied on for charges. 
nc-juvenile-firearm-possession,Juvenile Firearm Possession,Weapons on campus or other educational property,N.C. Gen. Stat. § 14-269.2,Whole section,https://www.ncleg.gov/EnactedLegislation/Statutes/HTML/BySection/Chapter_14/GS_14-269.2.html,Posession of Weapons on Educational Property,approve,Shahab Asghar,2026-09-02,https://www.ncleg.gov/EnactedLegislation/Statutes/HTML/BySection/Chapter_14/GS_14-269.2.html
nc-juvenile-transfer-adult-court,Juvenile Transfer to Adult Court (Waiver Hearing),Transfer of jurisdiction of a juvenile under the age of 16 to superior court,N.C. Gen. Stat. § 7B-2200,Whole section,https://www.ncleg.gov/EnactedLegislation/Statutes/HTML/BySection/Chapter_7B/GS_7B-2200.html,,reject,Shahab Asghar,2026-09-02,"This is not a charge, this is guidance on jurisdiction transfer for juveniles. Not relevant. Remove. "
nc-larceny-misdemeanor,Misdemeanor Larceny,Larceny of property; receiving stolen goods or possessing stolen goods,N.C. Gen. Stat. § 14-72,(a),https://www.ncleg.gov/EnactedLegislation/Statutes/HTML/BySection/Chapter_14/GS_14-72.html,Larceny - Receiving or Possesing Stolen Goods,approve,Shahab Asghar,2026-09-02,Note that subsection (a) defines both felony and misdemeanor larceny 
nc-littering,Littering / Illegal Dumping,Littering,N.C. Gen. Stat. § 14-399,Whole section,https://www.ncleg.gov/EnactedLegislation/Statutes/HTML/BySection/Chapter_14/GS_14-399.html,Littering,approve,Shahab Asghar,2026-09-02,https://www.ncleg.gov/EnactedLegislation/Statutes/HTML/BySection/Chapter_14/GS_14-399.html
nc-loitering,Loitering,Disorderly conduct in and injuries to public buildings and facilities,N.C. Gen. Stat. § 14-132,Whole section,https://www.ncleg.gov/EnactedLegislation/Statutes/HTML/BySection/Chapter_14/GS_14-132.html,Disorderly Conduct - Vandalism of Public Property,approve,Shahab Asghar,2026-09-02,https://www.ncleg.gov/EnactedLegislation/Statutes/HTML/BySection/Chapter_14/GS_14-132.html
nc-mail-fraud,Mail Fraud,Obtaining property by false pretenses,N.C. Gen. Stat. § 14-100(a),(a),https://www.ncleg.gov/EnactedLegislation/Statutes/HTML/BySection/Chapter_14/GS_14-100.html,Obtaining property by false pretenses,approve,Shahab Asghar,2026-09-02,https://www.ncleg.gov/EnactedLegislation/Statutes/HTML/BySection/Chapter_14/GS_14-100.html
nc-maintaining-drug-house,Maintaining Drug House,Prohibited acts; penalties,N.C. Gen. Stat. § 90-108(a)(7),(a)(7),https://www.ncleg.gov/EnactedLegislation/Statutes/HTML/BySection/Chapter_90/GS_90-108.html,,reject,Shahab Asghar,2026-09-02,"This provision is about people licensed to handle controlled substances abusing their power in some way (eg distributing to someone who is not allowed to receive the substance, to change labelling, to sell outside of the condictions of the license etc). "
nc-manufacturing-controlled-substance,Manufacturing Controlled Substance,Violations; penalties,N.C. Gen. Stat. § 90-95(a)(1),(a)(1),https://www.ncleg.gov/EnactedLegislation/Statutes/HTML/BySection/Chapter_90/GS_90-95.html,Manufacturing Controlled Substance,approve,Shahab Asghar,2026-09-02,"Note that there are a number of other separate charges in this section e.g. intent to distribute counterfeit substance (a)(2); possession of controlled substance (a)(3). If those aren't captured elsewhere, we should capture them. "
nc-menacing,Menacing,Communicating threats,N.C. Gen. Stat. § 14-277.1,Whole section,https://www.ncleg.gov/EnactedLegislation/Statutes/HTML/BySection/Chapter_14/GS_14-277.1.html,Communicating threats,approve,Shahab Asghar,2026-09-02,https://www.ncleg.gov/EnactedLegislation/Statutes/HTML/BySection/Chapter_14/GS_14-277.1.html
nc-minor-in-possession,Minor in Possession of Alcohol,Sale to or purchase by underage persons,N.C. Gen. Stat. § 18B-302(b),(b),https://www.ncleg.gov/EnactedLegislation/Statutes/HTML/BySection/Chapter_18B/GS_18B-302.html,Sell to or Purchase by Minors,approve,Shahab Asghar,2026-09-02,https://www.ncleg.gov/EnactedLegislation/Statutes/HTML/BySection/Chapter_18B/GS_18B-302.html
nc-murder-in-the-first-degree,Murder in the First Degree,Murder in the first and second degree defined; punishment,N.C. Gen. Stat. § 14-17,Whole section,https://www.ncleg.gov/EnactedLegislation/Statutes/HTML/BySection/Chapter_14/GS_14-17.html,Murder in the First Degree,reject,Shahab Asghar,2026-09-02,"This is not an attempted murder charge, this citation is for actual murder. Also there are different charges by subsection. Subsection (a) is Murder in the First Degree. Update this. Subjsection (b) is Murder in the Second Degree. "
nc-murder-in-the-second-degree,Murder in the Second Degree,Murder in the first and second degree defined; punishment,N.C. Gen. Stat. § 14-17(b),(b),https://www.ncleg.gov/EnactedLegislation/Statutes/HTML/BySection/Chapter_14/GS_14-17.html,Murder in the Second Degree,approve,Shahab Asghar,2026-09-02,"This is not an attempted murder charge, this citation is for actual murder. Also there are different charges by subsection. Subsection (a) is Murder in the First Degree. Update this. Subjsection (b) is Murder in the Second Degree. "
nc-petty-theft,Petty Theft,Larceny of property; receiving stolen goods or possessing stolen goods,N.C. Gen. Stat. § 14-72,Whole section,https://www.ncleg.gov/EnactedLegislation/Statutes/HTML/BySection/Chapter_14/GS_14-72.html,Larceny - Receiving or Possesing Stolen Goods,approve,Shahab Asghar,2026-09-02,Note that subsection (a) defines both felony and misdemeanor larceny 
nc-possession-marijuana-up-to-half-oz,Possession of Marijuana up to 0.5 oz,Violations; penalties,N.C. Gen. Stat. § 90-95(d)(4),(d)(4),https://www.ncleg.gov/EnactedLegislation/Statutes/HTML/BySection/Chapter_90/GS_90-95.html,Possession of Marijuana,approve,Shahab Asghar,2026-09-02,"The section (d)(4) includes different penalties based on the amount in possession, and whether it has been converted to hashish. Might be difficult to capture these differences. "
nc-possession-of-controlled-substance,Possession of Controlled Substance,Violations; penalties,N.C. Gen. Stat. § 90-95(a)(3),(a)(3),https://www.ncleg.gov/EnactedLegislation/Statutes/HTML/BySection/Chapter_90/GS_90-95.html,Possession of Controlled Substance,pending,Shahab Asghar,2026-09-02,https://www.ncleg.gov/EnactedLegislation/Statutes/HTML/BySection/Chapter_90/GS_90-95.html
nc-possession-of-prohibited-weapon,Possession of Prohibited Weapon,"Manufacture, assembly, possession, storage, transportation, sale, purchase, delivery, or acquisition of weapon of mass death and destruction; exceptions",N.C. Gen. Stat. § 14-288.8,Whole section,https://www.ncleg.gov/EnactedLegislation/Statutes/HTML/BySection/Chapter_14/GS_14-288.8.html,"Manufacture, Assembly, Possession, Storage, Transportation, Sale, Purchase, Delivery, or Acquisition of WMDs",pending,Shahab Asghar,2026-09-02,https://www.ncleg.gov/EnactedLegislation/Statutes/HTML/BySection/Chapter_14/GS_14-288.8.html
nc-possession-with-intent-to-distribute,Possession with Intent to Distribute,Violations; penalties,N.C. Gen. Stat. § 90-95(a)(1),(a)(1),https://www.ncleg.gov/EnactedLegislation/Statutes/HTML/BySection/Chapter_90/GS_90-95.html,Distribution or Intent to Distribute Controlled Substance,approve,Shahab Asghar,2026-09-02,"Note that there are a number of other separate charges in this section e.g. intent to distribute counterfeit substance (a)(2); possession of controlled substance (a)(3). If those aren't captured elsewhere, we should capture them. "
nc-probation-violation,Probation Violation,Response to violations; alteration and revocation,N.C. Gen. Stat. § 15A-1344,Whole section,https://www.ncleg.gov/EnactedLegislation/Statutes/HTML/BySection/Chapter_15A/GS_15A-1344.html,,reject,Shahab Asghar,2026-09-02,"This is a logistical provision regarding the response to a probation violation, not the charge itself. Relevant to penalties if a user says they were on probation when they received their new charge, but not a separate charge for the interface. "
nc-protective-order-violation,Violation of Protective Order,Violation of valid protective order,N.C. Gen. Stat. § 50B-4.1,Whole section,https://www.ncleg.gov/EnactedLegislation/Statutes/HTML/BySection/Chapter_50B/GS_50B-4.1.html,Violation of Protective Order,approve,Shahab Asghar,2026-09-02,https://www.ncleg.gov/EnactedLegislation/Statutes/HTML/BySection/Chapter_50B/GS_50B-4.1.html
nc-public-intoxication,Public Intoxication,Intoxicated and disruptive in public,N.C. Gen. Stat. § 14-444,Whole section,https://www.ncleg.gov/EnactedLegislation/Statutes/HTML/BySection/Chapter_14/GS_14-444.html,Intoxicated and Distruptive in Public,approve,Shahab Asghar,2026-09-02,https://www.ncleg.gov/EnactedLegislation/Statutes/HTML/BySection/Chapter_14/GS_14-444.html
nc-rape-in-the-first-degree,Rape in the First Degree,First-degree forcible rape,N.C. Gen. Stat. § 14-27.21,Whole section,https://www.ncleg.gov/EnactedLegislation/Statutes/HTML/BySection/Chapter_14/GS_14-27.21.html,Rape (Forcible) - First Degree,approve,Shahab Asghar,2026-09-02,https://www.ncleg.gov/EnactedLegislation/Statutes/HTML/BySection/Chapter_14/GS_14-27.21.html
nc-rape-in-the-second-degree,Rape in the Second Degree,Second-degree forcible rape,N.C. Gen. Stat. § 14-27.22,Whole section,https://www.ncleg.gov/EnactedLegislation/Statutes/HTML/BySection/Chapter_14/GS_14-27.22.html,Rape (Forcible) - Second Degree,approve,Shahab Asghar,2026-09-02,https://www.ncleg.gov/EnactedLegislation/Statutes/HTML/BySection/Chapter_14/GS_14-27.22.html
nc-recidivist-enhancement,Prior Felony / Recidivist Sentencing Enhancement,Persons defined as habitual felons,N.C. Gen. Stat. § 14-7.1,Whole section,https://www.ncleg.gov/EnactedLegislation/Statutes/HTML/BySection/Chapter_14/GS_14-7.1.html,Habitual Felon,approve,Shahab Asghar,2026-09-02,"This isn't really a separate charge, rather a sentencing multiplier. So it would not appear as a separate charge, but rather something we explain if a person has had prior convictions. "
nc-residential-burglary,Residential Burglary,First and second degree burglary,N.C. Gen. Stat. § 14-51,Whole section,https://www.ncleg.gov/EnactedLegislation/Statutes/HTML/BySection/Chapter_14/GS_14-51.html,Burglary,approve,Shahab Asghar,2026-09-02,"This should be split up into separate charges based on subsection, since they have different charge classes 1)  ""Burglary - First Degree"" (a); 2) ""Burglary - Second Degree"" (b)"
nc-resist-delay-obstruct,"Resist, Delay, or Obstruct Officer",Resisting officers,N.C. Gen. Stat. § 14-223,Whole section,https://www.ncleg.gov/EnactedLegislation/Statutes/HTML/BySection/Chapter_14/GS_14-223.html,Resisting Officers,approve,Shahab Asghar,2026-09-02,"The different subsections sections assign different penalties based on level of injury to the officer (none, serious injury, serious bodily injury - we should account for this in the platform. https://www.ncleg.gov/EnactedLegislation/Statutes/HTML/BySection/Chapter_14/GS_14-223.html"
nc-resisting-arrest,Resisting Arrest / Obstruction,Resisting officers,N.C. Gen. Stat. § 14-223,Whole section,https://www.ncleg.gov/EnactedLegislation/Statutes/HTML/BySection/Chapter_14/GS_14-223.html,Resisting Officers,approve,Shahab Asghar,2026-09-02,"The different subsections sections assign different penalties based on level of injury to the officer (none, serious injury, serious bodily injury - we should account for this in the platform. https://www.ncleg.gov/EnactedLegislation/Statutes/HTML/BySection/Chapter_14/GS_14-223.html"
nc-rico-organized-crime,RICO / Organized Crime (Racketeering),Prohibited activities,N.C. Gen. Stat. § 75D-4,Whole section,https://www.ncleg.gov/EnactedLegislation/Statutes/HTML/BySection/Chapter_75D/GS_75D-4.html,Rackateering,approve,Shahab Asghar,2026-09-02,https://www.ncleg.gov/EnactedLegislation/Statutes/HTML/BySection/Chapter_75D/GS_75D-4.html
nc-robbery-in-the-first-degree,Robbery in the First Degree,Robbery with firearms or other dangerous weapons,N.C. Gen. Stat. § 14-87,Whole section,https://www.ncleg.gov/EnactedLegislation/Statutes/HTML/BySection/Chapter_14/GS_14-87.html,Armed Robbery,approve,Shahab Asghar,2026-09-02,https://www.ncleg.gov/EnactedLegislation/Statutes/HTML/BySection/Chapter_14/GS_14-87.html
nc-robbery-in-the-second-degree,Robbery in the Second Degree,Punishment for common-law robbery,N.C. Gen. Stat. § 14-87.1,Whole section,https://www.ncleg.gov/EnactedLegislation/Statutes/HTML/BySection/Chapter_14/GS_14-87.1.html,,reject,Shahab Asghar,2026-09-02,This is just an expanded definition for common law robbery. Row 95 covers Armed Robbery
nc-sexual-assault-in-the-first-degree,Sexual Assault in the First Degree,First-degree forcible rape,N.C. Gen. Stat. § 14-27.21,Whole section,https://www.ncleg.gov/EnactedLegislation/Statutes/HTML/BySection/Chapter_14/GS_14-27.21.html,Rape (Forcible) - First Degree,approve,Shahab Asghar,2026-09-02,Already covered in row 88 - https://www.ncleg.gov/EnactedLegislation/Statutes/HTML/BySection/Chapter_14/GS_14-27.21.html
nc-sexual-assault-in-the-second-degree,Sexual Assault in the Second Degree,First-degree forcible sexual offense,N.C. Gen. Stat. § 14-27.26,Whole section,https://www.ncleg.gov/EnactedLegislation/Statutes/HTML/BySection/Chapter_14/GS_14-27.26.html,Sexual Offense (Forcible) - First Degree,approve,Shahab Asghar,2026-09-02,"Category is not quite right, but close enough - https://www.ncleg.gov/EnactedLegislation/Statutes/HTML/BySection/Chapter_14/GS_14-27.21.html"
nc-sexual-assault-in-the-third-degree,Sexual Assault in the Third Degree,Second-degree forcible sexual offense,N.C. Gen. Stat. § 14-27.27,Whole section,https://www.ncleg.gov/EnactedLegislation/Statutes/HTML/BySection/Chapter_14/GS_14-27.27.html,Sexual Offense (Forcible) - Second Degree,approve,Shahab Asghar,2026-09-02,"Category is not quite right, but close enough - https://www.ncleg.gov/EnactedLegislation/Statutes/HTML/BySection/Chapter_14/GS_14-27.27.html"
nc-sexual-exploitation-of-minor,Sexual Exploitation of Minor,First degree sexual exploitation of a minor,N.C. Gen. Stat. § 14-190.16,Whole section,https://www.ncleg.gov/EnactedLegislation/Statutes/HTML/BySection/Chapter_14/GS_14-190.16.html,Sexual Exploitation of Minor - First Degree,approve,Shahab Asghar,2026-09-02,https://www.ncleg.gov/EnactedLegislation/Statutes/HTML/BySection/Chapter_14/GS_14-190.16.html
nc-shoplifting,Shoplifting,Concealment of merchandise in mercantile establishments,N.C. Gen. Stat. § 14-72.1,Whole section,https://www.ncleg.gov/EnactedLegislation/Statutes/HTML/BySection/Chapter_14/GS_14-72.1.html,Shoplifting (Concealment of Merchandise),approve,Shahab Asghar,2026-09-02,https://www.ncleg.gov/EnactedLegislation/Statutes/HTML/BySection/Chapter_14/GS_14-72.1.html
nc-simple-assault,Simple Assault,"Misdemeanor assaults, batteries, and affrays, simple and aggravated; punishments",N.C. Gen. Stat. § 14-33,Whole section,https://www.ncleg.gov/EnactedLegislation/Statutes/HTML/BySection/Chapter_14/GS_14-33.html,Assault and Battery (Simple) ,approve,Shahab Asghar,2026-09-02,"There are variations throughout this provision which impact the penalty, including who the target is, level of injury etc. Particularly in subsections (b) and (c) - we should try to account for these differences. See my prior flag in row 11"
nc-solicitation,Solicitation / Prostitution,Prostitution,N.C. Gen. Stat. § 14-204,Whole section,https://www.ncleg.gov/EnactedLegislation/Statutes/HTML/BySection/Chapter_14/GS_14-204.html,Prostitution,approve,Shahab Asghar,2026-09-02,https://www.ncleg.gov/EnactedLegislation/Statutes/HTML/BySection/Chapter_14/GS_14-204.html
nc-statutory-rape,Statutory Rape,Statutory sexual offense with a person who is 15 years of age or younger,N.C. Gen. Stat. § 14-27.30,Whole section,https://www.ncleg.gov/EnactedLegislation/Statutes/HTML/BySection/Chapter_14/GS_14-27.30.html,Statutory Sexual Offense,approve,Shahab Asghar,2026-09-02,https://www.ncleg.gov/EnactedLegislation/Statutes/HTML/BySection/Chapter_14/GS_14-27.30.html
nc-tax-fraud,Tax Fraud,Penalties; situs of violations; penalty disposition,N.C. Gen. Stat. § 105-236(a)(7),(a)(7),https://www.ncleg.gov/EnactedLegislation/Statutes/HTML/BySection/Chapter_105/GS_105-236.html,Tax Evasion,approve,Shahab Asghar,2026-09-02,"This is a provision for penalties for various different financial fraud charges, not just tax fraud. It appears to largely cover wire fraud, bad checks, failure to obtain a license, and failure to file a tax return. (a)(7) does cover Tax Evasion"
nc-theft-by-receiving,Theft by Receiving,Receiving stolen goods; receiving or possessing goods represented as stolen,N.C. Gen. Stat. § 14-71,Whole section,https://www.ncleg.gov/EnactedLegislation/Statutes/HTML/BySection/Chapter_14/GS_14-71.html,Receiving or Possessing Stolen Goods,approve,Shahab Asghar,2026-09-02,https://www.ncleg.gov/EnactedLegislation/Statutes/HTML/BySection/Chapter_14/GS_14-71.html
nc-trespass-after-warning,Trespass After Warning / Return After Ban,Domestic criminal trespass,N.C. Gen. Stat. § 14-134.3,Whole section,https://www.ncleg.gov/EnactedLegislation/Statutes/HTML/BySection/Chapter_14/GS_14-134.3.html,Domestic Criminal Trespass,approve,Shahab Asghar,2026-09-02,https://www.ncleg.gov/EnactedLegislation/Statutes/HTML/BySection/Chapter_14/GS_14-134.3.html
nc-trespassing,Trespassing,First degree trespass,N.C. Gen. Stat. § 14-159.12,Whole section,https://www.ncleg.gov/EnactedLegislation/Statutes/HTML/BySection/Chapter_14/GS_14-159.12.html,Trespass - First Degree,approve,Shahab Asghar,2026-09-02,https://www.ncleg.gov/EnactedLegislation/Statutes/HTML/BySection/Chapter_14/GS_14-159.12.html
nc-truancy,Truancy / Chronic Absenteeism,School social workers; reports; prosecutions,N.C. Gen. Stat. § 115C-381,Whole section,https://www.ncleg.gov/EnactedLegislation/Statutes/HTML/BySection/Chapter_115C/GS_115C-381.html,,reject,Shahab Asghar,2026-09-02,"This is not a charge, this is guidance for school social workers. Remove"
nc-unlawful-carrying-of-weapon,Unlawful Carrying of Weapon,Carrying concealed weapons,N.C. Gen. Stat. § 14-269,Whole section,https://www.ncleg.gov/EnactedLegislation/Statutes/HTML/BySection/Chapter_14/GS_14-269.html,Carrying Concealed Weapon,approve,Shahab Asghar,2026-09-02,https://www.ncleg.gov/EnactedLegislation/Statutes/HTML/BySection/Chapter_14/GS_14-269.html
nc-unregistered-vehicle,Operating Unregistered / Uninsured Vehicle,Restrictions as to tire equipment,N.C. Gen. Stat. § 20-122,Whole section,https://www.ncleg.gov/EnactedLegislation/Statutes/HTML/BySection/Chapter_20/GS_20-122.html,,reject,Shahab Asghar,2026-09-02,"This does not carry misdemeanor of felony penalties, it is not the type of charge appropriate for OpenDefender"
nc-vandalism,Vandalism,Willful and wanton injury to real property,N.C. Gen. Stat. § 14-127,Whole section,https://www.ncleg.gov/EnactedLegislation/Statutes/HTML/BySection/Chapter_14/GS_14-127.html,Willful and Wonton Injury to Real Property,approve,Shahab Asghar,2026-09-02,https://www.ncleg.gov/EnactedLegislation/Statutes/HTML/BySection/Chapter_14/GS_14-127.html
nc-vehicular-homicide,Vehicular Homicide,Felony and misdemeanor death by vehicle; felony serious injury by vehicle; aggravated offenses; repeat felony death by vehicle,N.C. Gen. Stat. § 20-141.4,Whole section,https://www.ncleg.gov/EnactedLegislation/Statutes/HTML/BySection/Chapter_20/GS_20-141.4.html,Death or Serious Injury by Vehicle,approve,Shahab Asghar,2026-09-02,There are variations throughout this provision which impact the penalty. These include level of injury (death vs serious injury) and whether it was a repeat offense. Important for penalty estimates. 
nc-voluntary-manslaughter,Voluntary Manslaughter,Punishment for manslaughter,N.C. Gen. Stat. § 14-18,Whole section,https://www.ncleg.gov/EnactedLegislation/Statutes/HTML/BySection/Chapter_14/GS_14-18.html,,reject,Shahab Asghar,2026-09-02,"This is not the charge, just the punishment for manslaughter"
nc-wire-fraud,Wire Fraud,Obtaining property by false pretenses,N.C. Gen. Stat. § 14-100,Whole section,https://www.ncleg.gov/EnactedLegislation/Statutes/HTML/BySection/Chapter_14/GS_14-100.html,Obtaining property by false pretenses,approve,Shahab Asghar,2026-09-02,https://www.ncleg.gov/EnactedLegislation/Statutes/HTML/BySection/Chapter_14/GS_14-100.html
