"chargeId","catalogLabel","catalogCode","catalogCategory","currentDisposition","currentDispositionReason","proposedAlias","citation","subdivision","officialCodeUrl","officialTitle","sourceStatus","approvedDisplayName","correctedCitation","correctedSubdivision","decision","reviewer","reviewedAt","note"
"pa-accessory-after-the-fact","Accessory After the Fact","MPC § 2.07 / PA accessory statute","felony","require_exact_reselection","The catalog code does not exactly support every cited Pennsylvania statutory section and subdivision.","","18 Pa. Cons. Stat. § 5105","Whole section","https://www.palegis.us/statutes/consolidated/view-statute?txtType=HTM&ttl=18&div=0&chpt=51&sctn=5&subsctn=0","","Source reference exists; exact official text is withheld","","","","","","",""
"pa-aggravated-assault","Aggravated Assault","2702","felony","retain","Catalog label matches the official Pennsylvania title.","Aggravated assault","18 Pa. Cons. Stat. § 2702","Whole section","https://www.legis.state.pa.us/cfdocs/legis/LI/consCheck.cfm?txtType=HTM&ttl=18&div=0&chpt=27&sctn=2&subsctn=0","Aggravated assault","Verified source in committed manifest","","","","","","",""
"pa-aiding-and-abetting","Aiding and Abetting / Accomplice Liability","MPC § 2.06 / PA accomplice statute","felony","require_exact_reselection","The catalog code does not exactly support every cited Pennsylvania statutory section and subdivision.","","18 Pa. Cons. Stat. § 306","Whole section","https://www.palegis.us/statutes/consolidated/view-statute?txtType=HTM&ttl=18&div=0&chpt=3&sctn=6&subsctn=0","","Source reference exists; exact official text is withheld","","","","","","",""
"pa-alcohol-in-park","Possession of Alcohol in Park / Prohibited Area","4-406","misdemeanor","require_exact_reselection","The exact official unconsolidated-statute retrieval path is approved, but publication remains withheld until attorney review confirms that the legacy text substantively supports this catalog charge; secondary, inferred, nearby, and alternate citations are rejected.","","47 P.S. § 4-406","Whole section","https://www.palegis.us/statutes/unconsolidated/law-information/view-statute?actNum=0021.&sessInd=0&sessYr=1951&smthLwInd=0&chpt=4&sctn=6","","Source reference exists; exact official text is withheld","","","","","","",""
"pa-animal-at-large","Animal at Large / Leash Law Violation","459-305","misdemeanor","require_exact_reselection","The exact official unconsolidated-statute retrieval path is approved, but publication remains withheld until attorney review confirms that the legacy text substantively supports this catalog charge; secondary, inferred, nearby, and alternate citations are rejected.","","3 P.S. § 459-305","Whole section","https://www.palegis.us/statutes/unconsolidated/law-information/view-statute?actNum=0225.&sessInd=0&sessYr=1982&smthLwInd=0&chpt=3&sctn=5","","Source reference exists; exact official text is withheld","","","","","","",""
"pa-animal-cruelty-misdemeanor","Animal Cruelty (Misdemeanor)","18-5511","misdemeanor","require_exact_reselection","The catalog code does not exactly support every cited Pennsylvania statutory section and subdivision.","","18 Pa. Cons. Stat. § 5533","Whole section","https://www.palegis.us/statutes/consolidated/view-statute?txtType=HTM&ttl=18&div=0&chpt=55&sctn=33&subsctn=0","","Source reference exists; exact official text is withheld","","","","","","",""
"pa-assault-on-peace-officer","Assault on Peace Officer","2702.1","felony","require_exact_reselection","The catalog code does not exactly support every cited Pennsylvania statutory section and subdivision.","","18 Pa. Cons. Stat. § 2702(a)(2)","(a)(2)","https://www.palegis.us/statutes/consolidated/view-statute?txtType=HTM&ttl=18&div=0&chpt=27&sctn=2&subsctn=0","","Source reference exists; exact official text is withheld","","","","","","",""
"pa-attempted-murder","Attempted Murder","PA attempted murder statute / MPC § 5.01","felony","require_exact_reselection","The catalog code does not exactly support every cited Pennsylvania statutory section and subdivision.","","18 Pa.C.S. § 901","Whole section","https://www.palegis.us/statutes/consolidated/view-statute?txtType=HTM&ttl=18&div=0&chpt=9&sctn=1&subsctn=0","","Source reference exists; exact official text is withheld","","","","","","",""
"pa-attempted-robbery","Attempted Robbery","PA attempted robbery statute / MPC § 5.01","felony","require_exact_reselection","The catalog code does not exactly support every cited Pennsylvania statutory section and subdivision.","","18 Pa. Cons. Stat. §§ 901, 3701","Whole section; Whole section","","","Source reference exists; exact official text is withheld","","","","","","",""
"pa-attempted-sexual-assault","Attempted Sexual Assault","PA attempted sexual assault statute / MPC § 5.01","felony","require_exact_reselection","The catalog code does not exactly support every cited Pennsylvania statutory section and subdivision.","","18 Pa.C.S. §§ 901, 3124.1","Whole section; Whole section","","","Source reference exists; exact official text is withheld","","","","","","",""
"pa-auto-burglary","Auto Burglary","3502","felony","require_exact_reselection","The catalog code does not exactly support every cited Pennsylvania statutory section and subdivision.","","18 Pa. Cons. Stat. § 3701(a)(1)(vi)","(a)(1)(vi)","https://www.palegis.us/statutes/consolidated/view-statute?txtType=HTM&ttl=18&div=0&chpt=37&sctn=1&subsctn=0","","Source reference exists; exact official text is withheld","","","","","","",""
"pa-bad-checks","Writing Bad Checks / Worthless Checks","18-4105","misdemeanor","require_exact_reselection","The catalog code does not exactly support every cited Pennsylvania statutory section and subdivision.","","18 Pa. Cons. Stat. § 4105","Whole section","https://www.palegis.us/statutes/consolidated/view-statute?txtType=HTM&ttl=18&div=0&chpt=41&sctn=5&subsctn=0","","Source reference exists; exact official text is withheld","","","","","","",""
"pa-bank-robbery","Bank Robbery","18 U.S.C. § 2113","felony","require_exact_reselection","The catalog code does not exactly support every cited Pennsylvania statutory section and subdivision.","","18 Pa. Cons. Stat. § 3701(a)(1)(ii)","(a)(1)(ii)","https://www.palegis.us/statutes/consolidated/view-statute?txtType=HTM&ttl=18&div=0&chpt=37&sctn=1&subsctn=0","","Source reference exists; exact official text is withheld","","","","","","",""
"pa-burglary-in-the-first-degree","Burglary in the First Degree","3502","felony","require_exact_reselection","The catalog code does not exactly support every cited Pennsylvania statutory section and subdivision.","","18 Pa. Cons. Stat. § 3502(a)(1)","(a)(1)","https://www.palegis.us/statutes/consolidated/view-statute?txtType=HTM&ttl=18&div=0&chpt=35&sctn=2&subsctn=0","","Source reference exists; exact official text is withheld","","","","","","",""
"pa-burglary-in-the-second-degree","Burglary in the Second Degree","3502","felony","require_exact_reselection","The catalog code does not exactly support every cited Pennsylvania statutory section and subdivision.","","18 Pa. Cons. Stat. § 3502(a)(2)","(a)(2)","https://www.palegis.us/statutes/consolidated/view-statute?txtType=HTM&ttl=18&div=0&chpt=35&sctn=2&subsctn=0","","Source reference exists; exact official text is withheld","","","","","","",""
"pa-carjacking","Carjacking","3702","felony","exact_alias_rename","The official Pennsylvania title is supported by an explicit reviewed alias mapping.","Robbery of motor vehicle","18 Pa. Cons. Stat. § 3702","Whole section","https://www.legis.state.pa.us/cfdocs/legis/LI/consCheck.cfm?txtType=HTM&ttl=18&div=0&chpt=37&sctn=2&subsctn=0","Robbery of motor vehicle","Verified source in committed manifest","","","","","","",""
"pa-check-fraud","Check Fraud","4105","felony","exact_alias_rename","The official Pennsylvania title is supported by an explicit reviewed alias mapping.","Bad checks","18 Pa. Cons. Stat. § 4105","Whole section","https://www.legis.state.pa.us/cfdocs/legis/LI/consCheck.cfm?txtType=HTM&ttl=18&div=0&chpt=41&sctn=5&subsctn=0","Bad checks","Verified source in committed manifest","","","","","","",""
"pa-child-sexual-abuse","Child Sexual Abuse","3126","felony","require_exact_reselection","The catalog code does not exactly support every cited Pennsylvania statutory section and subdivision.","","18 Pa. Cons. Stat. § 6312","Whole section","https://www.palegis.us/statutes/consolidated/view-statute?txtType=HTM&ttl=18&div=0&chpt=63&sctn=12&subsctn=0","","Source reference exists; exact official text is withheld","","","","","","",""
"pa-computer-fraud","Computer Fraud","7611","felony","require_exact_reselection","The official Pennsylvania title ""Unlawful use of computer and other computer crimes"" is not an exact or explicitly reviewed mapping for the catalog label.","Unlawful use of computer and other computer crimes","18 Pa. Cons. Stat. § 7611","Whole section","https://www.palegis.us/statutes/consolidated/view-statute?txtType=HTM&ttl=18&div=0&chpt=76&sctn=11&subsctn=0","","Source reference exists; exact official text is withheld","","","","","","",""
"pa-conspiracy","Criminal Conspiracy","MPC § 5.03 / PA conspiracy statute","felony","require_exact_reselection","The catalog code does not exactly support every cited Pennsylvania statutory section and subdivision.","","18 Pa. Cons. Stat. § 903","Whole section","https://www.palegis.us/statutes/consolidated/view-statute?txtType=HTM&ttl=18&div=0&chpt=9&sctn=3&subsctn=0","","Source reference exists; exact official text is withheld","","","","","","",""
"pa-contempt-of-court","Contempt of Court","42-4132","misdemeanor","require_exact_reselection","The catalog code does not exactly support every cited Pennsylvania statutory section and subdivision.","","42 Pa. Cons. Stat. § 4132","Whole section","https://www.palegis.us/statutes/consolidated/view-statute?txtType=HTM&ttl=42&div=0&chpt=41&sctn=32&subsctn=0","","Source reference exists; exact official text is withheld","","","","","","",""
"pa-credit-card-fraud","Credit Card Fraud","4106","felony","exact_alias_rename","The official Pennsylvania title is supported by an explicit reviewed alias mapping.","Access device fraud","18 Pa. Cons. Stat. § 4106","Whole section","https://www.legis.state.pa.us/cfdocs/legis/LI/consCheck.cfm?txtType=HTM&ttl=18&div=0&chpt=41&sctn=6&subsctn=0","Access device fraud","Verified source in committed manifest","","","","","","",""
"pa-criminal-attempt","Criminal Attempt","MPC § 5.01 / PA attempt statute","felony","require_exact_reselection","The catalog code does not exactly support every cited Pennsylvania statutory section and subdivision.","","18 Pa. Cons. Stat. § 901","Whole section","https://www.palegis.us/statutes/consolidated/view-statute?txtType=HTM&ttl=18&div=0&chpt=9&sctn=1&subsctn=0","","Source reference exists; exact official text is withheld","","","","","","",""
"pa-criminal-solicitation","Criminal Solicitation","MPC § 5.02 / PA solicitation statute","felony","require_exact_reselection","The catalog code does not exactly support every cited Pennsylvania statutory section and subdivision.","","18 Pa. Cons. Stat. § 902","Whole section","https://www.palegis.us/statutes/consolidated/view-statute?txtType=HTM&ttl=18&div=0&chpt=9&sctn=2&subsctn=0","","Source reference exists; exact official text is withheld","","","","","","",""
"pa-criminal-trespass","Criminal Trespass","3503","misdemeanor","retain","Catalog label matches the official Pennsylvania title.","Criminal trespass","18 Pa. Cons. Stat. § 3503","Whole section","https://www.legis.state.pa.us/cfdocs/legis/LI/consCheck.cfm?txtType=HTM&ttl=18&div=0&chpt=35&sctn=3&subsctn=0","Criminal trespass","Verified source in committed manifest","","","","","","",""
"pa-curfew-violation","Curfew Violation","18-5507","misdemeanor","require_exact_reselection","The catalog code does not exactly support every cited Pennsylvania statutory section and subdivision.","","42 Pa. Cons. Stat. § 6302","Whole section","https://www.palegis.us/statutes/consolidated/view-statute?txtType=HTM&ttl=42&div=0&chpt=63&sctn=2&subsctn=0","","Source reference exists; exact official text is withheld","","","","","","",""
"pa-defective-vehicle-equipment","Defective Vehicle Equipment / Broken Taillight","75-4107","infraction","require_exact_reselection","The catalog code does not exactly support every cited Pennsylvania statutory section and subdivision.","","75 Pa. Cons. Stat. § 4107","Whole section","https://www.palegis.us/statutes/consolidated/view-statute?txtType=HTM&ttl=75&div=0&chpt=41&sctn=7&subsctn=0","","Source reference exists; exact official text is withheld","","","","","","",""
"pa-discharge-of-firearm-in-city","Discharge of Firearm in City","908","felony","require_exact_reselection","The catalog code does not exactly support every cited Pennsylvania statutory section and subdivision.","","18 Pa. Cons. Stat. § 6107","Whole section","https://www.palegis.us/statutes/consolidated/view-statute?txtType=HTM&ttl=18&div=0&chpt=61&sctn=7&subsctn=0","","Source reference exists; exact official text is withheld","","","","","","",""
"pa-disorderly-conduct","Disorderly Conduct","5503","misdemeanor","retain","Catalog label matches the official Pennsylvania title.","Disorderly conduct","18 Pa.C.S. § 5503","Whole section","https://www.legis.state.pa.us/cfdocs/legis/LI/consCheck.cfm?txtType=HTM&ttl=18&div=0&chpt=55&sctn=3&subsctn=0","Disorderly conduct","Verified source in committed manifest","","","","","","",""
"pa-distribution-of-controlled-substance","Distribution of Controlled Substance","35-780-113(a)(30)","felony","require_exact_reselection","The catalog citation is not an exact Pennsylvania Consolidated Statutes citation; no unconsolidated, federal, or inferred substitute is accepted.","","35 Pa. Stat. § 780-113(a)(30)","Exact subdivision unresolved","","","Citation needs exact official reselection","","","","","","",""
"pa-driving-under-suspension","Driving Under Suspension","1543","misdemeanor","require_exact_reselection","The official Pennsylvania title ""Driving while operating privilege is suspended or revoked"" is not an exact or explicitly reviewed mapping for the catalog label.","Driving while operating privilege is suspended or revoked","75 Pa. Cons. Stat. § 1543","Whole section","https://www.palegis.us/statutes/consolidated/view-statute?txtType=HTM&ttl=75&div=0&chpt=15&sctn=43&subsctn=0","","Source reference exists; exact official text is withheld","","","","","","",""
"pa-driving-while-suspended","Driving While Suspended","75-1543","misdemeanor","require_exact_reselection","The catalog code does not exactly support every cited Pennsylvania statutory section and subdivision.","","75 Pa. Cons. Stat. § 1543","Whole section","https://www.palegis.us/statutes/consolidated/view-statute?txtType=HTM&ttl=75&div=0&chpt=15&sctn=43&subsctn=0","","Source reference exists; exact official text is withheld","","","","","","",""
"pa-driving-without-insurance","Driving Without Insurance","75-1786","misdemeanor","require_exact_reselection","The catalog code does not exactly support every cited Pennsylvania statutory section and subdivision.","","75 Pa. Cons. Stat. § 1786","Whole section","https://www.palegis.us/statutes/consolidated/view-statute?txtType=HTM&ttl=75&div=0&chpt=17&sctn=86&subsctn=0","","Source reference exists; exact official text is withheld","","","","","","",""
"pa-drug-school-zone-enhancement","Drug Offense in a School Zone (Proximity Enhancement)","PA drug-free school zone statute","felony","require_exact_reselection","The catalog citation is not an exact Pennsylvania Consolidated Statutes citation; no unconsolidated, federal, or inferred substitute is accepted.","","35 Pa. Stat. § 780-113.1","Exact subdivision unresolved","","","Citation needs exact official reselection","","","","","","",""
"pa-drug-trafficking","Drug Trafficking","7508","felony","require_exact_reselection","The catalog citation is not an exact Pennsylvania Consolidated Statutes citation; no unconsolidated, federal, or inferred substitute is accepted.","","35 Pa. Stat. § 780-113(a)(30)","Exact subdivision unresolved","","","Citation needs exact official reselection","","","","","","",""
"pa-dui-first-offense","DUI First Offense","75-3802","misdemeanor","require_exact_reselection","The catalog code does not exactly support every cited Pennsylvania statutory section and subdivision.","","75 Pa. Cons. Stat. § 3802","Whole section","https://www.palegis.us/statutes/consolidated/view-statute?txtType=HTM&ttl=75&div=0&chpt=38&sctn=2&subsctn=0","","Source reference exists; exact official text is withheld","","","","","","",""
"pa-dui-general-impairment","DUI - General Impairment","3802(a)","misdemeanor","require_exact_reselection","The official Pennsylvania title ""Driving under influence of alcohol or controlled substance"" is not an exact or explicitly reviewed mapping for the catalog label.","Driving under influence of alcohol or controlled substance","75 Pa. Cons. Stat. § 3802(a)","(a)","https://www.palegis.us/statutes/consolidated/view-statute?txtType=HTM&ttl=75&div=0&chpt=38&sctn=2&subsctn=0","","Source reference exists; exact official text is withheld","","","","","","",""
"pa-dui-second-offense","DUI Second Offense","75-3802","misdemeanor","require_exact_reselection","The catalog code does not exactly support every cited Pennsylvania statutory section and subdivision.","","75 Pa. Cons. Stat. § 3804(a)(2)","(a)(2)","https://www.palegis.us/statutes/consolidated/view-statute?txtType=HTM&ttl=75&div=0&chpt=38&sctn=4&subsctn=0","","Source reference exists; exact official text is withheld","","","","","","",""
"pa-dui-third-offense","DUI Third Offense","75-3802","felony","require_exact_reselection","The catalog code does not exactly support every cited Pennsylvania statutory section and subdivision.","","75 Pa. Cons. Stat. § 3804(a)(3)","(a)(3)","https://www.palegis.us/statutes/consolidated/view-statute?txtType=HTM&ttl=75&div=0&chpt=38&sctn=4&subsctn=0","","Source reference exists; exact official text is withheld","","","","","","",""
"pa-embezzlement","Embezzlement","3927","felony","require_exact_reselection","The catalog code does not exactly support every cited Pennsylvania statutory section and subdivision.","","18 Pa. Cons. Stat. § 3924","Whole section","https://www.palegis.us/statutes/consolidated/view-statute?txtType=HTM&ttl=18&div=0&chpt=39&sctn=24&subsctn=0","","Source reference exists; exact official text is withheld","","","","","","",""
"pa-expired-inspection","Driving with Expired/No Inspection","75-4703","misdemeanor","require_exact_reselection","The catalog code does not exactly support every cited Pennsylvania statutory section and subdivision.","","75 Pa. Cons. Stat. § 4703","Whole section","https://www.palegis.us/statutes/consolidated/view-statute?txtType=HTM&ttl=75&div=0&chpt=47&sctn=3&subsctn=0","","Source reference exists; exact official text is withheld","","","","","","",""
"pa-expired-registration","Driving with Expired Registration","75-1301","misdemeanor","require_exact_reselection","The catalog code does not exactly support every cited Pennsylvania statutory section and subdivision.","","75 Pa. Cons. Stat. § 1301","Whole section","https://www.palegis.us/statutes/consolidated/view-statute?txtType=HTM&ttl=75&div=0&chpt=13&sctn=1&subsctn=0","","Source reference exists; exact official text is withheld","","","","","","",""
"pa-failure-to-appear","Failure to Appear","18-5124","misdemeanor","require_exact_reselection","The catalog code does not exactly support every cited Pennsylvania statutory section and subdivision.","","18 Pa. Cons. Stat. § 5124","Whole section","https://www.palegis.us/statutes/consolidated/view-statute?txtType=HTM&ttl=18&div=0&chpt=51&sctn=24&subsctn=0","","Source reference exists; exact official text is withheld","","","","","","",""
"pa-failure-to-pay-child-support","Criminal Nonsupport / Failure to Pay Child Support","23-4354","misdemeanor","require_exact_reselection","The catalog code does not exactly support every cited Pennsylvania statutory section and subdivision.","","18 Pa. Cons. Stat. § 4322","Whole section","https://www.palegis.us/statutes/consolidated/view-statute?txtType=HTM&ttl=18&div=0&chpt=43&sctn=22&subsctn=0","","Source reference exists; exact official text is withheld","","","","","","",""
"pa-fake-id","Possession of Fake/Fraudulent ID","18-4104","misdemeanor","require_exact_reselection","The catalog code does not exactly support every cited Pennsylvania statutory section and subdivision.","","18 Pa. Cons. Stat. § 6307","Whole section","https://www.palegis.us/statutes/consolidated/view-statute?txtType=HTM&ttl=18&div=0&chpt=63&sctn=7&subsctn=0","","Source reference exists; exact official text is withheld","","","","","","",""
"pa-false-info-to-police","Providing False Information to Police","18-4906","misdemeanor","require_exact_reselection","The catalog code does not exactly support every cited Pennsylvania statutory section and subdivision.","","18 Pa. Cons. Stat. § 4906","Whole section","https://www.palegis.us/statutes/consolidated/view-statute?txtType=HTM&ttl=18&div=0&chpt=49&sctn=6&subsctn=0","","Source reference exists; exact official text is withheld","","","","","","",""
"pa-felon-in-possession-of-firearm","Felon in Possession of Firearm","6105","felony","exact_alias_rename","The official Pennsylvania title is supported by an explicit reviewed alias mapping.","Persons not to possess, use, manufacture, control, sell or transfer firearms","18 Pa. Cons. Stat. § 6105","Whole section","https://www.legis.state.pa.us/cfdocs/legis/LI/consCheck.cfm?txtType=HTM&ttl=18&div=0&chpt=61&sctn=5&subsctn=0","Persons not to possess, use, manufacture, control, sell or transfer firearms","Verified source in committed manifest","","","","","","",""
"pa-firearm-in-felony-enhancement","Use of a Firearm in Commission of a Felony","PA firearm enhancement statute","felony","require_exact_reselection","The catalog code does not exactly support every cited Pennsylvania statutory section and subdivision.","","42 Pa. Cons. Stat. § 9712","Whole section","https://www.palegis.us/statutes/consolidated/view-statute?txtType=HTM&ttl=42&div=0&chpt=97&sctn=12&subsctn=0","","Source reference exists; exact official text is withheld","","","","","","",""
"pa-forgery","Forgery","4101","felony","retain","Catalog label matches the official Pennsylvania title.","Forgery","18 Pa. Cons. Stat. § 4101","Whole section","https://www.legis.state.pa.us/cfdocs/legis/LI/consCheck.cfm?txtType=HTM&ttl=18&div=0&chpt=41&sctn=1&subsctn=0","Forgery","Verified source in committed manifest","","","","","","",""
"pa-gang-enhancement","Criminal Street Gang Enhancement","PA gang enhancement statute","felony","require_exact_reselection","The catalog code does not exactly support every cited Pennsylvania statutory section and subdivision.","","18 Pa. Cons. Stat. § 911","Whole section","https://www.palegis.us/statutes/consolidated/view-statute?txtType=HTM&ttl=18&div=0&chpt=9&sctn=11&subsctn=0","","Source reference exists; exact official text is withheld","","","","","","",""
"pa-harassment","Harassment","2709","misdemeanor","retain","Catalog label matches the official Pennsylvania title.","Harassment","18 Pa. Cons. Stat. § 2709","Whole section","https://www.legis.state.pa.us/cfdocs/legis/LI/consCheck.cfm?txtType=HTM&ttl=18&div=0&chpt=27&sctn=9&subsctn=0","Harassment","Verified source in committed manifest","","","","","","",""
"pa-harassment-stalking","Harassment / Stalking","18-2709","misdemeanor","require_exact_reselection","The catalog code does not exactly support every cited Pennsylvania statutory section and subdivision.","","18 Pa. Cons. Stat. § 2709","Whole section","https://www.palegis.us/statutes/consolidated/view-statute?txtType=HTM&ttl=18&div=0&chpt=27&sctn=9&subsctn=0","","Source reference exists; exact official text is withheld","","","","","","",""
"pa-hate-crime-enhancement","Hate Crime Enhancement","PA hate crime statute","felony","require_exact_reselection","The catalog code does not exactly support every cited Pennsylvania statutory section and subdivision.","","18 Pa. Cons. Stat. § 2710","Whole section","https://www.palegis.us/statutes/consolidated/view-statute?txtType=HTM&ttl=18&div=0&chpt=27&sctn=10&subsctn=0","","Source reference exists; exact official text is withheld","","","","","","",""
"pa-hit-and-run","Hit and Run","75-3742","misdemeanor","require_exact_reselection","The catalog code does not exactly support every cited Pennsylvania statutory section and subdivision.","","75 Pa. Cons. Stat. § 3742","Whole section","https://www.palegis.us/statutes/consolidated/view-statute?txtType=HTM&ttl=75&div=0&chpt=37&sctn=42&subsctn=0","","Source reference exists; exact official text is withheld","","","","","","",""
"pa-hunting-fishing-no-license","Fishing / Hunting Without a License","30-2702","misdemeanor","require_exact_reselection","The catalog code does not exactly support every cited Pennsylvania statutory section and subdivision.","","34 Pa. Cons. Stat. § 2711","Whole section","https://www.palegis.us/statutes/consolidated/view-statute?txtType=HTM&ttl=34&div=0&chpt=27&sctn=11&subsctn=0","","Source reference exists; exact official text is withheld","","","","","","",""
"pa-identity-theft","Identity Theft","4120","felony","retain","Catalog label matches the official Pennsylvania title.","Identity theft","18 Pa. Cons. Stat. § 4120","Whole section","https://www.legis.state.pa.us/cfdocs/legis/LI/consCheck.cfm?txtType=HTM&ttl=18&div=0&chpt=41&sctn=20&subsctn=0","Identity theft","Verified source in committed manifest","","","","","","",""
"pa-illegal-camping","Illegal Camping / Sleeping in Public","18-5505","misdemeanor","require_exact_reselection","The catalog code does not exactly support every cited Pennsylvania statutory section and subdivision.","","18 Pa. Cons. Stat. § 3503","Whole section","https://www.palegis.us/statutes/consolidated/view-statute?txtType=HTM&ttl=18&div=0&chpt=35&sctn=3&subsctn=0","","Source reference exists; exact official text is withheld","","","","","","",""
"pa-illegal-fireworks","Illegal Discharge of Fireworks","35-1271","misdemeanor","require_exact_reselection","The catalog code does not exactly support every cited Pennsylvania statutory section and subdivision.","","35 Pa. Cons. Stat. § 1279.105","Whole section","https://www.palegis.us/statutes/consolidated/view-statute?txtType=HTM&ttl=35&div=0&chpt=12&sctn=79.105&subsctn=0","","Source reference exists; exact official text is withheld","","","","","","",""
"pa-indecent-exposure","Indecent Exposure / Public Urination","18-3127","misdemeanor","require_exact_reselection","The catalog code does not exactly support every cited Pennsylvania statutory section and subdivision.","","18 Pa. Cons. Stat. § 3127","Whole section","https://www.palegis.us/statutes/consolidated/view-statute?txtType=HTM&ttl=18&div=0&chpt=31&sctn=27&subsctn=0","","Source reference exists; exact official text is withheld","","","","","","",""
"pa-insurance-fraud","Insurance Fraud","4117","felony","retain","Catalog label matches the official Pennsylvania title.","Insurance fraud","18 Pa. Cons. Stat. § 4117","Whole section","https://www.legis.state.pa.us/cfdocs/legis/LI/consCheck.cfm?txtType=HTM&ttl=18&div=0&chpt=41&sctn=17&subsctn=0","Insurance fraud","Verified source in committed manifest","","","","","","",""
"pa-involuntary-manslaughter","Involuntary Manslaughter","2504","felony","retain","Catalog label matches the official Pennsylvania title.","Involuntary manslaughter","18 Pa.C.S. § 2504","Whole section","https://www.legis.state.pa.us/cfdocs/legis/LI/consCheck.cfm?txtType=HTM&ttl=18&div=0&chpt=25&sctn=4&subsctn=0","Involuntary manslaughter","Verified source in committed manifest","","","","","","",""
"pa-juvenile-delinquency-felony","Juvenile Delinquency Adjudication (Felony-Level Act)","PA Juvenile Court Act / Family Code","felony","require_exact_reselection","The catalog code does not exactly support every cited Pennsylvania statutory section and subdivision.","","42 Pa. Cons. Stat. § 6302","Whole section","https://www.palegis.us/statutes/consolidated/view-statute?txtType=HTM&ttl=42&div=0&chpt=63&sctn=2&subsctn=0","","Source reference exists; exact official text is withheld","","","","","","",""
"pa-juvenile-delinquency-misdemeanor","Juvenile Delinquency Adjudication (Misdemeanor-Level Act)","PA Juvenile Court Act / Family Code","misdemeanor","require_exact_reselection","The catalog code does not exactly support every cited Pennsylvania statutory section and subdivision.","","42 Pa. Cons. Stat. § 6302","Whole section","https://www.palegis.us/statutes/consolidated/view-statute?txtType=HTM&ttl=42&div=0&chpt=63&sctn=2&subsctn=0","","Source reference exists; exact official text is withheld","","","","","","",""
"pa-juvenile-firearm-possession","Juvenile Firearm Possession","PA juvenile firearm possession statute","felony","require_exact_reselection","The catalog code does not exactly support every cited Pennsylvania statutory section and subdivision.","","18 Pa. Cons. Stat. § 6110.1","Whole section","https://www.palegis.us/statutes/consolidated/view-statute?txtType=HTM&ttl=18&div=0&chpt=61&sctn=10.1&subsctn=0","","Source reference exists; exact official text is withheld","","","","","","",""
"pa-juvenile-transfer-adult-court","Juvenile Transfer to Adult Court (Waiver Hearing)","PA Juvenile Court Act — transfer / waiver provisions","felony","require_exact_reselection","The catalog code does not exactly support every cited Pennsylvania statutory section and subdivision.","","42 Pa. Cons. Stat. § 6355","Whole section","https://www.palegis.us/statutes/consolidated/view-statute?txtType=HTM&ttl=42&div=0&chpt=63&sctn=55&subsctn=0","","Source reference exists; exact official text is withheld","","","","","","",""
"pa-littering","Littering / Illegal Dumping","18-6501","misdemeanor","require_exact_reselection","The catalog code does not exactly support every cited Pennsylvania statutory section and subdivision.","","75 Pa. Cons. Stat. § 3709","Whole section","https://www.palegis.us/statutes/consolidated/view-statute?txtType=HTM&ttl=75&div=0&chpt=37&sctn=9&subsctn=0","","Source reference exists; exact official text is withheld","","","","","","",""
"pa-loitering","Loitering","5506","misdemeanor","require_exact_reselection","The official Pennsylvania title ""Loitering and prowling at night time"" is not an exact or explicitly reviewed mapping for the catalog label.","Loitering and prowling at night time","18 Pa. Cons. Stat. § 5506","Whole section","https://www.palegis.us/statutes/consolidated/view-statute?txtType=HTM&ttl=18&div=0&chpt=55&sctn=6&subsctn=0","","Source reference exists; exact official text is withheld","","","","","","",""
"pa-mail-fraud","Mail Fraud","18-3922","felony","require_exact_reselection","The catalog code does not exactly support every cited Pennsylvania statutory section and subdivision.","","18 Pa. Cons. Stat. § 4107","Whole section","https://www.palegis.us/statutes/consolidated/view-statute?txtType=HTM&ttl=18&div=0&chpt=41&sctn=7&subsctn=0","","Source reference exists; exact official text is withheld","","","","","","",""
"pa-maintaining-drug-house","Maintaining Drug House","35-780-113","felony","require_exact_reselection","The catalog citation is not an exact Pennsylvania Consolidated Statutes citation; no unconsolidated, federal, or inferred substitute is accepted.","","35 Pa. Stat. § 780-113(a)(17)","Exact subdivision unresolved","","","Citation needs exact official reselection","","","","","","",""
"pa-manufacturing-controlled-substance","Manufacturing Controlled Substance","35 P.S. §780-113(a)(14)","felony","require_exact_reselection","The catalog citation is not an exact Pennsylvania Consolidated Statutes citation; no unconsolidated, federal, or inferred substitute is accepted.","","35 Pa. Stat. § 780-113(a)(30)","Exact subdivision unresolved","","","Citation needs exact official reselection","","","","","","",""
"pa-menacing","Menacing","2706","misdemeanor","require_exact_reselection","The official Pennsylvania title ""Terroristic threats"" is not an exact or explicitly reviewed mapping for the catalog label.","Terroristic threats","18 Pa. Cons. Stat. § 2706","Whole section","https://www.palegis.us/statutes/consolidated/view-statute?txtType=HTM&ttl=18&div=0&chpt=27&sctn=6&subsctn=0","","Source reference exists; exact official text is withheld","","","","","","",""
"pa-minor-in-possession","Minor in Possession of Alcohol","18-6308","misdemeanor","require_exact_reselection","The catalog code does not exactly support every cited Pennsylvania statutory section and subdivision.","","47 Pa. Cons. Stat. § 4-493(1)","(1)","https://www.palegis.us/statutes/consolidated/view-statute?txtType=HTM&ttl=47&div=0&chpt=4&sctn=493&subsctn=0","","Source reference exists; exact official text is withheld","","","","","","",""
"pa-money-laundering","Money Laundering","PA money laundering statute","felony","require_exact_reselection","The catalog code does not exactly support every cited Pennsylvania statutory section and subdivision.","","18 Pa. Cons. Stat. § 5111","Whole section","https://www.palegis.us/statutes/consolidated/view-statute?txtType=HTM&ttl=18&div=0&chpt=51&sctn=11&subsctn=0","","Source reference exists; exact official text is withheld","","","","","","",""
"pa-murder-in-the-first-degree","Murder in the First Degree","2502(a)","felony","exact_alias_rename","The official Pennsylvania title is supported by an explicit reviewed alias mapping.","Murder","18 Pa.C.S. § 2502(a)","(a)","https://www.legis.state.pa.us/cfdocs/legis/LI/consCheck.cfm?txtType=HTM&ttl=18&div=0&chpt=25&sctn=2&subsctn=0","Murder","Verified source in committed manifest","","","","","","",""
"pa-murder-in-the-second-degree","Murder in the Second Degree","2502(b)","felony","exact_alias_rename","The official Pennsylvania title is supported by an explicit reviewed alias mapping.","Murder","18 Pa.C.S. § 2502(b)","(b)","https://www.legis.state.pa.us/cfdocs/legis/LI/consCheck.cfm?txtType=HTM&ttl=18&div=0&chpt=25&sctn=2&subsctn=0","Murder","Verified source in committed manifest","","","","","","",""
"pa-noise-violation","Noise Violation / Disturbing the Peace by Noise","18-5503","misdemeanor","require_exact_reselection","The catalog code does not exactly support every cited Pennsylvania statutory section and subdivision.","","18 Pa. Cons. Stat. § 5503(a)(1)","(a)(1)","https://www.palegis.us/statutes/consolidated/view-statute?txtType=HTM&ttl=18&div=0&chpt=55&sctn=3&subsctn=0","","Source reference exists; exact official text is withheld","","","","","","",""
"pa-open-container","Open Container Violation","75-3809","misdemeanor","require_exact_reselection","The catalog code does not exactly support every cited Pennsylvania statutory section and subdivision.","","75 Pa. Cons. Stat. § 3809","Whole section","https://www.palegis.us/statutes/consolidated/view-statute?txtType=HTM&ttl=75&div=0&chpt=38&sctn=9&subsctn=0","","Source reference exists; exact official text is withheld","","","","","","",""
"pa-panhandling","Panhandling / Aggressive Solicitation","18-5503","misdemeanor","require_exact_reselection","The catalog code does not exactly support every cited Pennsylvania statutory section and subdivision.","","18 Pa. Cons. Stat. § 5503","Whole section","https://www.palegis.us/statutes/consolidated/view-statute?txtType=HTM&ttl=18&div=0&chpt=55&sctn=3&subsctn=0","","Source reference exists; exact official text is withheld","","","","","","",""
"pa-petty-theft","Petty Theft","3921","misdemeanor","exact_alias_rename","The official Pennsylvania title is supported by an explicit reviewed alias mapping.","Theft by unlawful taking or disposition","18 Pa.C.S. § 3921","Whole section","https://www.legis.state.pa.us/cfdocs/legis/LI/consCheck.cfm?txtType=HTM&ttl=18&div=0&chpt=39&sctn=21&subsctn=0","Theft by unlawful taking or disposition","Verified source in committed manifest","","","","","","",""
"pa-possession-of-controlled-substance","Possession of Controlled Substance","35-780-113","misdemeanor","require_exact_reselection","The catalog citation is not an exact Pennsylvania Consolidated Statutes citation; no unconsolidated, federal, or inferred substitute is accepted.","","35 Pa. Stat. § 780-113(a)(16)","Exact subdivision unresolved","","","Citation needs exact official reselection","","","","","","",""
"pa-possession-of-drug-paraphernalia","Possession of Drug Paraphernalia","35-780-113(a)(32)","misdemeanor","require_exact_reselection","The catalog citation is not an exact Pennsylvania Consolidated Statutes citation; no unconsolidated, federal, or inferred substitute is accepted.","","35 Pa. Stat. § 780-113(a)(32)","Exact subdivision unresolved","","","Citation needs exact official reselection","","","","","","",""
"pa-possession-of-prohibited-weapon","Possession of Prohibited Weapon","908","felony","require_exact_reselection","The official Pennsylvania title ""Prohibited offensive weapons"" is not an exact or explicitly reviewed mapping for the catalog label.","Prohibited offensive weapons","18 Pa. Cons. Stat. § 908","Whole section","https://www.palegis.us/statutes/consolidated/view-statute?txtType=HTM&ttl=18&div=0&chpt=9&sctn=8&subsctn=0","","Source reference exists; exact official text is withheld","","","","","","",""
"pa-possession-small-amount-marijuana","Possession of Small Amount of Marijuana","13-a30","misdemeanor","require_exact_reselection","The catalog code does not exactly support every cited Pennsylvania statutory section and subdivision.","","35 Pa. Cons. Stat. § 780-113(a)(31)","(a)(31)","https://www.palegis.us/statutes/consolidated/view-statute?txtType=HTM&ttl=35&div=0&chpt=780&sctn=113&subsctn=0","","Source reference exists; exact official text is withheld","","","","","","",""
"pa-possession-with-intent-to-distribute","Possession with Intent to Distribute","35-780-113(a)(30)","felony","require_exact_reselection","The catalog citation is not an exact Pennsylvania Consolidated Statutes citation; no unconsolidated, federal, or inferred substitute is accepted.","","35 Pa. Stat. § 780-113(a)(30)","Exact subdivision unresolved","","","Citation needs exact official reselection","","","","","","",""
"pa-probation-violation","Probation Violation","42-9771","misdemeanor","require_exact_reselection","The catalog code does not exactly support every cited Pennsylvania statutory section and subdivision.","","42 Pa. Cons. Stat. § 9771","Whole section","https://www.palegis.us/statutes/consolidated/view-statute?txtType=HTM&ttl=42&div=0&chpt=97&sctn=71&subsctn=0","","Source reference exists; exact official text is withheld","","","","","","",""
"pa-protective-order-violation","Violation of Protective Order","23-6114","misdemeanor","require_exact_reselection","The catalog code does not exactly support every cited Pennsylvania statutory section and subdivision.","","23 Pa. Cons. Stat. § 6114","Whole section","https://www.palegis.us/statutes/consolidated/view-statute?txtType=HTM&ttl=23&div=0&chpt=61&sctn=14&subsctn=0","","Source reference exists; exact official text is withheld","","","","","","",""
"pa-public-drunkenness","Public Drunkenness","5505","misdemeanor","require_exact_reselection","The official Pennsylvania title ""Public drunkenness and similar misconduct"" is not an exact or explicitly reviewed mapping for the catalog label.","Public drunkenness and similar misconduct","18 Pa. Cons. Stat. § 5505","Whole section","https://www.palegis.us/statutes/consolidated/view-statute?txtType=HTM&ttl=18&div=0&chpt=55&sctn=5&subsctn=0","","Source reference exists; exact official text is withheld","","","","","","",""
"pa-rape-in-the-first-degree","Rape","3121","felony","retain","Catalog label matches the official Pennsylvania title.","Rape","18 Pa. Cons. Stat. § 3121","Whole section","https://www.legis.state.pa.us/cfdocs/legis/LI/consCheck.cfm?txtType=HTM&ttl=18&div=0&chpt=31&sctn=21&subsctn=0","Rape","Verified source in committed manifest","","","","","","",""
"pa-recidivist-enhancement","Prior Felony / Recidivist Sentencing Enhancement","PA habitual offender / recidivist statute","felony","require_exact_reselection","The catalog code does not exactly support every cited Pennsylvania statutory section and subdivision.","","42 Pa. Cons. Stat. § 9714","Whole section","https://www.palegis.us/statutes/consolidated/view-statute?txtType=HTM&ttl=42&div=0&chpt=97&sctn=14&subsctn=0","","Source reference exists; exact official text is withheld","","","","","","",""
"pa-reckless-driving","Reckless Driving","3736","misdemeanor","retain","Catalog label matches the official Pennsylvania title.","Reckless driving","75 Pa. Cons. Stat. § 3736","Whole section","https://www.legis.state.pa.us/cfdocs/legis/LI/consCheck.cfm?txtType=HTM&ttl=75&div=0&chpt=37&sctn=36&subsctn=0","Reckless driving","Verified source in committed manifest","","","","","","",""
"pa-reckless-driving-criminal","Reckless/Careless Driving (Criminal)","75-3736","misdemeanor","require_exact_reselection","The catalog code does not exactly support every cited Pennsylvania statutory section and subdivision.","","75 Pa. Cons. Stat. § 3736","Whole section","https://www.palegis.us/statutes/consolidated/view-statute?txtType=HTM&ttl=75&div=0&chpt=37&sctn=36&subsctn=0","","Source reference exists; exact official text is withheld","","","","","","",""
"pa-resisting-arrest","Resisting Arrest / Obstruction","18-5104","misdemeanor","require_exact_reselection","The catalog code does not exactly support every cited Pennsylvania statutory section and subdivision.","","18 Pa. Cons. Stat. § 5104","Whole section","https://www.palegis.us/statutes/consolidated/view-statute?txtType=HTM&ttl=18&div=0&chpt=51&sctn=4&subsctn=0","","Source reference exists; exact official text is withheld","","","","","","",""
"pa-retail-theft","Retail Theft","3929","misdemeanor","retain","Catalog label matches the official Pennsylvania title.","Retail theft","18 Pa. Cons. Stat. § 3929","Whole section","https://www.legis.state.pa.us/cfdocs/legis/LI/consCheck.cfm?txtType=HTM&ttl=18&div=0&chpt=39&sctn=29&subsctn=0","Retail theft","Verified source in committed manifest","","","","","","",""
"pa-rico-organized-crime","RICO / Organized Crime (Racketeering)","PA organized crime / racketeering statute","felony","require_exact_reselection","The catalog code does not exactly support every cited Pennsylvania statutory section and subdivision.","","18 Pa. Cons. Stat. § 911","Whole section","https://www.palegis.us/statutes/consolidated/view-statute?txtType=HTM&ttl=18&div=0&chpt=9&sctn=11&subsctn=0","","Source reference exists; exact official text is withheld","","","","","","",""
"pa-robbery-in-the-first-degree","Robbery in the First Degree","3701","felony","require_exact_reselection","The catalog code does not exactly support every cited Pennsylvania statutory section and subdivision.","","18 Pa. Cons. Stat. § 3701(a)(1)(i)","(a)(1)(i)","https://www.palegis.us/statutes/consolidated/view-statute?txtType=HTM&ttl=18&div=0&chpt=37&sctn=1&subsctn=0","","Source reference exists; exact official text is withheld","","","","","","",""
"pa-robbery-in-the-second-degree","Robbery in the Second Degree","3701","felony","require_exact_reselection","The catalog code does not exactly support every cited Pennsylvania statutory section and subdivision.","","18 Pa. Cons. Stat. § 3701(a)(1)(ii)","(a)(1)(ii)","https://www.palegis.us/statutes/consolidated/view-statute?txtType=HTM&ttl=18&div=0&chpt=37&sctn=1&subsctn=0","","Source reference exists; exact official text is withheld","","","","","","",""
"pa-sexual-assault-in-the-second-degree","Sexual Assault in the Second Degree","3124.1","felony","require_exact_reselection","Official Pennsylvania General Assembly section 18-3124.1 could not be verified.","","18 Pa.C.S. § 3124.1","Whole section","https://www.palegis.us/statutes/consolidated/view-statute?txtType=HTM&ttl=18&div=0&chpt=31&sctn=24.1&subsctn=0","","Source reference exists; exact official text is withheld","","","","","","",""
"pa-sexual-assault-in-the-third-degree","Indecent Assault","3126","felony","retain","Catalog label matches the official Pennsylvania title.","Indecent assault","18 Pa.C.S. § 3126","Whole section","https://www.legis.state.pa.us/cfdocs/legis/LI/consCheck.cfm?txtType=HTM&ttl=18&div=0&chpt=31&sctn=26&subsctn=0","Indecent assault","Verified source in committed manifest","","","","","","",""
"pa-sexual-exploitation-of-minor","Sexual Exploitation of Minor","6312","felony","exact_alias_rename","The official Pennsylvania title is supported by an explicit reviewed alias mapping.","Sexual abuse of children","18 Pa. Cons. Stat. § 6312","Whole section","https://www.legis.state.pa.us/cfdocs/legis/LI/consCheck.cfm?txtType=HTM&ttl=18&div=0&chpt=63&sctn=12&subsctn=0","Sexual abuse of children","Verified source in committed manifest","","","","","","",""
"pa-simple-assault","Simple Assault","2701","misdemeanor","retain","Catalog label matches the official Pennsylvania title.","Simple assault","18 Pa. Cons. Stat. § 2701","Whole section","https://www.legis.state.pa.us/cfdocs/legis/LI/consCheck.cfm?txtType=HTM&ttl=18&div=0&chpt=27&sctn=1&subsctn=0","Simple assault","Verified source in committed manifest","","","","","","",""
"pa-solicitation","Solicitation / Prostitution","18-5902","misdemeanor","require_exact_reselection","The catalog code does not exactly support every cited Pennsylvania statutory section and subdivision.","","18 Pa. Cons. Stat. § 5902(e)","(e)","https://www.palegis.us/statutes/consolidated/view-statute?txtType=HTM&ttl=18&div=0&chpt=59&sctn=2&subsctn=0","","Source reference exists; exact official text is withheld","","","","","","",""
"pa-statutory-rape","Statutory Rape","3122.1","felony","require_exact_reselection","Official Pennsylvania General Assembly section 18-3122.1 could not be verified.","","18 Pa. Cons. Stat. § 3122.1","Whole section","https://www.palegis.us/statutes/consolidated/view-statute?txtType=HTM&ttl=18&div=0&chpt=31&sctn=22.1&subsctn=0","","Source reference exists; exact official text is withheld","","","","","","",""
"pa-tax-fraud","Tax Fraud","7354","felony","require_exact_reselection","The catalog citation is not an exact Pennsylvania Consolidated Statutes citation; no unconsolidated, federal, or inferred substitute is accepted.","","72 P.S. § 7354","Exact subdivision unresolved","","","Citation needs exact official reselection","","","","","","",""
"pa-theft-by-receiving","Theft by Receiving","3925","misdemeanor","exact_alias_rename","The official Pennsylvania title is supported by an explicit reviewed alias mapping.","Receiving stolen property","18 Pa. Cons. Stat. § 3925","Whole section","https://www.legis.state.pa.us/cfdocs/legis/LI/consCheck.cfm?txtType=HTM&ttl=18&div=0&chpt=39&sctn=25&subsctn=0","Receiving stolen property","Verified source in committed manifest","","","","","","",""
"pa-theft-by-unlawful-taking","Theft by Unlawful Taking","3921","misdemeanor","require_exact_reselection","The official Pennsylvania title ""Theft by unlawful taking or disposition"" is not an exact or explicitly reviewed mapping for the catalog label.","Theft by unlawful taking or disposition","18 Pa. Cons. Stat. § 3921","Whole section","https://www.palegis.us/statutes/consolidated/view-statute?txtType=HTM&ttl=18&div=0&chpt=39&sctn=21&subsctn=0","","Source reference exists; exact official text is withheld","","","","","","",""
"pa-trespass-after-warning","Trespass After Warning / Return After Ban","18-3503","misdemeanor","require_exact_reselection","The catalog code does not exactly support every cited Pennsylvania statutory section and subdivision.","","18 Pa. Cons. Stat. § 3503","Whole section","https://www.palegis.us/statutes/consolidated/view-statute?txtType=HTM&ttl=18&div=0&chpt=35&sctn=3&subsctn=0","","Source reference exists; exact official text is withheld","","","","","","",""
"pa-truancy","Truancy / Chronic Absenteeism","13-1333","misdemeanor","require_exact_reselection","The exact official unconsolidated-statute retrieval path is approved, but publication remains withheld until attorney review confirms that the legacy text substantively supports this catalog charge; secondary, inferred, nearby, and alternate citations are rejected.","","24 P.S. § 13-1333","Whole section","https://www.palegis.us/statutes/unconsolidated/law-information/view-statute?actNum=0014.&sessInd=0&sessYr=1949&smthLwInd=0&chpt=13&sctn=33","","Source reference exists; exact official text is withheld","","","","","","",""
"pa-unlawful-carrying-of-weapon","Unlawful Carrying of Weapon","6106","misdemeanor","exact_alias_rename","The official Pennsylvania title is supported by an explicit reviewed alias mapping.","Firearms not to be carried without a license","18 Pa. Cons. Stat. § 6106","Whole section","https://www.legis.state.pa.us/cfdocs/legis/LI/consCheck.cfm?txtType=HTM&ttl=18&div=0&chpt=61&sctn=6&subsctn=0","Firearms not to be carried without a license","Verified source in committed manifest","","","","","","",""
"pa-vandalism","Vandalism","3304","misdemeanor","exact_alias_rename","The official Pennsylvania title is supported by an explicit reviewed alias mapping.","Criminal mischief","18 Pa. Cons. Stat. § 3304","Whole section","https://www.legis.state.pa.us/cfdocs/legis/LI/consCheck.cfm?txtType=HTM&ttl=18&div=0&chpt=33&sctn=4&subsctn=0","Criminal mischief","Verified source in committed manifest","","","","","","",""
"pa-vehicular-homicide","Vehicular Homicide","75-3735","felony","require_exact_reselection","The catalog code does not exactly support every cited Pennsylvania statutory section and subdivision.","","75 Pa. Cons. Stat. § 3732","Whole section","https://www.palegis.us/statutes/consolidated/view-statute?txtType=HTM&ttl=75&div=0&chpt=37&sctn=32&subsctn=0","","Source reference exists; exact official text is withheld","","","","","","",""
"pa-voluntary-manslaughter","Voluntary Manslaughter","2503","felony","retain","Catalog label matches the official Pennsylvania title.","Voluntary manslaughter","18 Pa.C.S. § 2503","Whole section","https://www.legis.state.pa.us/cfdocs/legis/LI/consCheck.cfm?txtType=HTM&ttl=18&div=0&chpt=25&sctn=3&subsctn=0","Voluntary manslaughter","Verified source in committed manifest","","","","","","",""
"pa-wire-fraud","Wire Fraud","18-4107","felony","require_exact_reselection","The catalog code does not exactly support every cited Pennsylvania statutory section and subdivision.","","18 Pa. Cons. Stat. § 3922","Whole section","https://www.palegis.us/statutes/consolidated/view-statute?txtType=HTM&ttl=18&div=0&chpt=39&sctn=22&subsctn=0","","Source reference exists; exact official text is withheld","","","","","","",""
